Date,Ref. No.,Party's Name,Amount,rem,by days
19-Nov-22,118,NANDINI SAREES,12651,19-Nov-22,399
22-Mar-23,NHS/22-23/02942,NANDITA HANDLOOM SAREES,32822,22-Mar-23,276
10-Apr-23,2249,PARAG SAREES (DL),104832,10-Apr-23,257
14-Apr-23,2257,PARAG SAREES (DL),40768,14-Apr-23,253
24-Apr-23,2023-24/C/1332,KALAA MAANDIR,61037,24-Apr-23,243
28-Apr-23,2269,PARAG SAREES (DL),139776,28-Apr-23,239
29-Apr-23,2023-24/012,M/S IFA CREATION,34650,29-Apr-23,238
04-May-23,2285,PARAG SAREES (DL),44800,04-May-23,233
04-May-23,319,SHREE BALAJI TEXTILES,47787,04-May-23,233
30-May-23,T7248/23-24,SURAJ BHAN SUNIL KUMAR AND CO,14931,30-May-23,207
10-Jul-23,6078,KALA SAGAR,21,10-Jul-23,166
17-Jul-23,101770,TALLY(INDIA) PRIVATE LIMITED,2124,17-Jul-23,159
29-Jul-23,642/23,SUKHDARSHAN LAL JAIN & SONS,29180,29-Jul-23,147
02-Aug-23,1613,Dev Power Solution,23629,02-Aug-23,143
02-Aug-23,1793,Rajguru Exclusives LLP,40740,02-Aug-23,143
03-Aug-23,580,BANKE BIHARI OFFSET,98410,03-Aug-23,142
16-Aug-23,850/2023-24,KRISHNA FASHIONS,29866,16-Aug-23,129
17-Aug-23,440,Kavya Creation,29988,17-Aug-23,128
17-Aug-23,619,SKYLARK SAREES PRIVATE LIMITED,95025,17-Aug-23,128
17-Aug-23,1480,VELVET HOME,27783,17-Aug-23,128
18-Aug-23,2193,Rajguru Exclusives LLP,32557.2,18-Aug-23,127
23-Aug-23,49,NANDINI SAREES,20076,23-Aug-23,122
24-Aug-23,6859,SANSKAR TEX PRINTS PRIVATE LIMITED,46715,24-Aug-23,121
26-Aug-23,1117,CHHOTU RAM RAJENDER PARSAD,114655,26-Aug-23,119
26-Aug-23,187,JAI MAA BHAVANI CREATION,41688,26-Aug-23,119
27-Aug-23,2663,PAHUJA AIRCON PVT. LTD.,42000,27-Aug-23,118
28-Aug-23,59,NANDINI SAREES,20916,28-Aug-23,117
28-Aug-23,57,NANDINI SAREES,27518,28-Aug-23,117
29-Aug-23,2420,Rajguru Exclusives LLP,3967.8,29-Aug-23,116
29-Aug-23,267,RIDHI SIDHI FASHION STUDIO,100060,29-Aug-23,116
01-Sep-23,366,AD MEDIA ADVERTISING,18018,01-Sep-23,113
01-Sep-23,66,NANDINI SAREES,18564,01-Sep-23,113
01-Sep-23,67/23-24,NANDINI SAREES,22898,01-Sep-23,113
01-Sep-23,7135,SANSKAR TEX PRINTS PRIVATE LIMITED,79790,01-Sep-23,113
01-Sep-23,1301,VGM CREATION,32390,01-Sep-23,113
02-Sep-23,1147,KRISHNA PRINTS,52552,02-Sep-23,112
02-Sep-23,68/23-24,NANDINI SAREES,26443,02-Sep-23,112
02-Sep-23,7147,SANSKAR TEX PRINTS PRIVATE LIMITED,39312,02-Sep-23,112
04-Sep-23,72,NANDINI SAREES,20076,04-Sep-23,110
04-Sep-23,1126,SHREE GANPATI SILK MILLS,18007,04-Sep-23,110
06-Sep-23,7317,SANSKAR TEX PRINTS PRIVATE LIMITED,39706,06-Sep-23,108
06-Sep-23,1551,SANSKAR (UP),42473,06-Sep-23,108
06-Sep-23,1550,SANSKAR (UP),46095,06-Sep-23,108
07-Sep-23,1453,Vijay (Vipul) Salary Payble,2000,07-Sep-23,107
08-Sep-23,38,RAVI FASHION,53235,08-Sep-23,106
09-Sep-23,1055,GANESH ENTERPRISES,40213,09-Sep-23,105
09-Sep-23,1054,GANESH ENTERPRISES,29882,09-Sep-23,105
09-Sep-23,7354,SANSKAR TEX PRINTS PRIVATE LIMITED,24570,09-Sep-23,105
11-Sep-23,777,ANUSHKA  FASHION,44972,11-Sep-23,103
11-Sep-23,1063,GANESH ENTERPRISES,36488,11-Sep-23,103
11-Sep-23,2349,PARAG SAREES (DL),47040,11-Sep-23,103
11-Sep-23,1808,SHUBHAM SAREES,18124,11-Sep-23,103
11-Sep-23,1809,SHUBHAM SAREES,21971,11-Sep-23,103
11-Sep-23,1811,SHUBHAM SAREES,1929,11-Sep-23,103
11-Sep-23,1382,VGM CREATION,46872,11-Sep-23,103
12-Sep-23,79,NANDINI SAREES,21672,12-Sep-23,102
12-Sep-23,7449,SANSKAR TEX PRINTS PRIVATE LIMITED,52542,12-Sep-23,102
13-Sep-23,1786,Mahadev Krupa,31710,13-Sep-23,101
13-Sep-23,80,NANDINI SAREES,18257,13-Sep-23,101
13-Sep-23,45,RAVI FASHION,48195,13-Sep-23,101
13-Sep-23,1391,VGM CREATION,39057,13-Sep-23,101
14-Sep-23,565,NANKI TEXTILES,28854,14-Sep-23,100
14-Sep-23,931,Saini Electricals,4800,14-Sep-23,100
14-Sep-23,1851,SHUBHAM SAREES,24832,14-Sep-23,100
14-Sep-23,1850,SHUBHAM SAREES,51144,14-Sep-23,100
15-Sep-23,573,NANKI TEXTILES,30450,15-Sep-23,99
15-Sep-23,365,P.RATAN TEXTILE,5645,15-Sep-23,99
15-Sep-23,7559,SANSKAR TEX PRINTS PRIVATE LIMITED,57771,15-Sep-23,99
16-Sep-23,7613,SANSKAR TEX PRINTS PRIVATE LIMITED,25704,16-Sep-23,98
16-Sep-23,7612,SANSKAR TEX PRINTS PRIVATE LIMITED,25704,16-Sep-23,98
18-Sep-23,7637,SANSKAR TEX PRINTS PRIVATE LIMITED,23478,18-Sep-23,96
18-Sep-23,1919,SHUBHAM SAREES,31093,18-Sep-23,96
18-Sep-23,1920,SHUBHAM SAREES,15785,18-Sep-23,96
18-Sep-23,151,UNIVERSAL FAB,21168,18-Sep-23,96
19-Sep-23,1842,Mahadev Krupa,38010,19-Sep-23,95
19-Sep-23,279,Manglam Designer,535,19-Sep-23,95
19-Sep-23,1417,VGM CREATION,36019,19-Sep-23,95
20-Sep-23,213,JAI MAA BHAVANI CREATION,35084,20-Sep-23,94
20-Sep-23,215,JAI MAA BHAVANI CREATION,38962,20-Sep-23,94
20-Sep-23,214/23-24,JAI MAA BHAVANI CREATION,29236,20-Sep-23,94
21-Sep-23,2570,LA  VESTA,89769,21-Sep-23,93
21-Sep-23,2573,LA  VESTA,81695,21-Sep-23,93
21-Sep-23,1962,SHUBHAM SAREES,57749,21-Sep-23,93
21-Sep-23,1963,SHUBHAM SAREES,74870,21-Sep-23,93
21-Sep-23,1533,SKYKING,750,21-Sep-23,93
21-Sep-23,152/23-24,UNIVERSAL FAB,12600,21-Sep-23,93
22-Sep-23,2519,HIMANSHU TEXTILES,24242,22-Sep-23,92
22-Sep-23,353,PARAS FASHION,58737,22-Sep-23,92
22-Sep-23,352,PARAS FASHION,44961,22-Sep-23,92
22-Sep-23,354,PARAS FASHION,70046,22-Sep-23,92
22-Sep-23,1178,SHREE GANPATI SILK MILLS,18007,22-Sep-23,92
23-Sep-23,239,GURERA TEXTILES PRIVATE LIMITED,39407,23-Sep-23,91
23-Sep-23,241,GURERA TEXTILES PRIVATE LIMITED,489,23-Sep-23,91
23-Sep-23,SAL/2941,Rajguru Exclusives LLP,33810,23-Sep-23,91
23-Sep-23,2966,Rajguru Exclusives LLP,31001,23-Sep-23,91
23-Sep-23,2964,Rajguru Exclusives LLP,22313,23-Sep-23,91
23-Sep-23,2965,Rajguru Exclusives LLP,20323,23-Sep-23,91
23-Sep-23,7921,SANSKAR TEX PRINTS PRIVATE LIMITED,25704,23-Sep-23,91
23-Sep-23,7917,SANSKAR TEX PRINTS PRIVATE LIMITED,25704,23-Sep-23,91
23-Sep-23,7918,SANSKAR TEX PRINTS PRIVATE LIMITED,25704,23-Sep-23,91
23-Sep-23,7920,SANSKAR TEX PRINTS PRIVATE LIMITED,25704,23-Sep-23,91
23-Sep-23,7919,SANSKAR TEX PRINTS PRIVATE LIMITED,25704,23-Sep-23,91
23-Sep-23,1390,SHREE GANPATI COMPUTERS,14730,23-Sep-23,91
23-Sep-23,1182,SHREE GANPATI SILK MILLS,31370,23-Sep-23,91
23-Sep-23,1183,SHREE GANPATI SILK MILLS,31370,23-Sep-23,91
23-Sep-23,944,SKYLARK SAREES PRIVATE LIMITED,198765,23-Sep-23,91
23-Sep-23,155,UNIVERSAL FAB,26947,23-Sep-23,91
23-Sep-23,156/23-24,UNIVERSAL FAB,26947,23-Sep-23,91
23-Sep-23,408,WHA DIL FASHION,82072,23-Sep-23,91
23-Sep-23,407,WHA DIL FASHION,78918,23-Sep-23,91
25-Sep-23,221,JAI MAA BHAVANI CREATION,19530,25-Sep-23,89
25-Sep-23,222,JAI MAA BHAVANI CREATION,19530,25-Sep-23,89
25-Sep-23,72/223-24,M. M FASHION,77826,25-Sep-23,89
25-Sep-23,71/223-24,M. M FASHION,83423,25-Sep-23,89
25-Sep-23,622,NANKI TEXTILES,22050,25-Sep-23,89
25-Sep-23,364,PARAS FASHION,69132,25-Sep-23,89
25-Sep-23,363,PARAS FASHION,66675,25-Sep-23,89
25-Sep-23,1316,RAJ-GURU CREATIONS PRIVATE LTD.,22061,25-Sep-23,89
25-Sep-23,560,Saiyam Sarees,5024,25-Sep-23,89
25-Sep-23,7952,SANSKAR TEX PRINTS PRIVATE LIMITED,32004,25-Sep-23,89
25-Sep-23,7947,SANSKAR TEX PRINTS PRIVATE LIMITED,36414,25-Sep-23,89
25-Sep-23,7953,SANSKAR TEX PRINTS PRIVATE LIMITED,23184,25-Sep-23,89
25-Sep-23,7927,SANSKAR TEX PRINTS PRIVATE LIMITED,24570,25-Sep-23,89
25-Sep-23,7951,SANSKAR TEX PRINTS PRIVATE LIMITED,32004,25-Sep-23,89
25-Sep-23,7948,SANSKAR TEX PRINTS PRIVATE LIMITED,25704,25-Sep-23,89
25-Sep-23,7950,SANSKAR TEX PRINTS PRIVATE LIMITED,25704,25-Sep-23,89
25-Sep-23,7949,SANSKAR TEX PRINTS PRIVATE LIMITED,25704,25-Sep-23,89
25-Sep-23,7954,SANSKAR TEX PRINTS PRIVATE LIMITED,35028,25-Sep-23,89
25-Sep-23,1197,SHREE GANPATI SILK MILLS,30148,25-Sep-23,89
25-Sep-23,1189,SHREE GANPATI SILK MILLS,27703,25-Sep-23,89
25-Sep-23,1196,SHREE GANPATI SILK MILLS,29740,25-Sep-23,89
25-Sep-23,1190,SHREE GANPATI SILK MILLS,33407,25-Sep-23,89
25-Sep-23,1194/23-24,SHREE GANPATI SILK MILLS,30962,25-Sep-23,89
26-Sep-23,62,AARCO FASHION,22260,26-Sep-23,88
27-Sep-23,638,NANKI TEXTILES,22050,27-Sep-23,87
27-Sep-23,779,SUCHITRA FABTEX PVT LTD,45990,27-Sep-23,87
27-Sep-23,780,SUCHITRA FABTEX PVT LTD,55272,27-Sep-23,87
28-Sep-23,2606,HIMANSHU TEXTILES,100699,28-Sep-23,86
28-Sep-23,273,PAWAN & SONS,90561,28-Sep-23,86
28-Sep-23,19734,WORKINDIA,2358,28-Sep-23,86
29-Sep-23,732,KHATUDHISH SAREES,85864,29-Sep-23,85
29-Sep-23,731,KHATUDHISH SAREES,77338,29-Sep-23,85
29-Sep-23,7258,KRISHNA FABRICS,74816,29-Sep-23,85
29-Sep-23,7257,KRISHNA FABRICS,73248,29-Sep-23,85
29-Sep-23,1550,RAJ-GURU CREATIONS PRIVATE LTD.,21011,29-Sep-23,85
29-Sep-23,3041,Rajguru Exclusives LLP,4562,29-Sep-23,85
29-Sep-23,3043,Rajguru Exclusives LLP,18743,29-Sep-23,85
29-Sep-23,1218,SHREE GANPATI SILK MILLS,30922,29-Sep-23,85
29-Sep-23,1219,SHREE GANPATI SILK MILLS,30555,29-Sep-23,85
29-Sep-23,1217,SHREE GANPATI SILK MILLS,29740,29-Sep-23,85
29-Sep-23,1220,SHREE GANPATI SILK MILLS,30148,29-Sep-23,85
29-Sep-23,3235,Shri Ram Designer,61600,29-Sep-23,85
29-Sep-23,2119,SHUBHAM SAREES,69678,29-Sep-23,85
29-Sep-23,2120,SHUBHAM SAREES,14648,29-Sep-23,85
29-Sep-23,157/23-24,UNIVERSAL FAB,23747,29-Sep-23,85
29-Sep-23,158/23-24,UNIVERSAL FAB,23856,29-Sep-23,85
30-Sep-23,233,JAI MAA BHAVANI CREATION,29154,30-Sep-23,84
30-Sep-23,235/23-24,JAI MAA BHAVANI CREATION,24295,30-Sep-23,84
30-Sep-23,394,PARAS FASHION,34965,30-Sep-23,84
30-Sep-23,389,PARAS FASHION,98333,30-Sep-23,84
30-Sep-23,391,PARAS FASHION,88678,30-Sep-23,84
30-Sep-23,390,PARAS FASHION,91791,30-Sep-23,84
30-Sep-23,807,SUCHITRA FABTEX PVT LTD,58874,30-Sep-23,84
01-Oct-23,811,PBS PRINTS,107947,01-Oct-23,83
01-Oct-23,3355,SAKSHAM CREATION,14101,01-Oct-23,83
02-Oct-23,1286,ANAYA DESIGNER,109910,02-Oct-23,82
02-Oct-23,1285,ANAYA DESIGNER,84348,02-Oct-23,82
02-Oct-23,2721,MANISH DESIGNER PRIVATE LIMITED,34030,02-Oct-23,82
02-Oct-23,2263,NAYANDEEP IMPEX,38946,02-Oct-23,82
02-Oct-23,15507,PURVANCHAL COLLECTION PVT LTD,42117,02-Oct-23,82
02-Oct-23,2682,RACHIT FASHION PRIVATE LIMITED,94977,02-Oct-23,82
02-Oct-23,441,RANGDEEP CREATION,21887,02-Oct-23,82
02-Oct-23,440,RANGDEEP CREATION,32272,02-Oct-23,82
02-Oct-23,2257,R G FANCY DRESS,21312,02-Oct-23,82
02-Oct-23,658X1,SAMYAK DESIGNER,59596,02-Oct-23,82
02-Oct-23,660,SAMYAK DESIGNER,50539,02-Oct-23,82
02-Oct-23,661X1,SAMYAK DESIGNER,51592,02-Oct-23,82
02-Oct-23,659,SAMYAK DESIGNER,52386,02-Oct-23,82
02-Oct-23,8197,SANSKAR TEX PRINTS PRIVATE LIMITED,27468,02-Oct-23,82
02-Oct-23,8198,SANSKAR TEX PRINTS PRIVATE LIMITED,27468,02-Oct-23,82
02-Oct-23,8194,SANSKAR TEX PRINTS PRIVATE LIMITED,27468,02-Oct-23,82
02-Oct-23,8151,SANSKAR TEX PRINTS PRIVATE LIMITED,27468,02-Oct-23,82
02-Oct-23,8191,SANSKAR TEX PRINTS PRIVATE LIMITED,27468,02-Oct-23,82
02-Oct-23,8172,SANSKAR TEX PRINTS PRIVATE LIMITED,25704,02-Oct-23,82
02-Oct-23,8192,SANSKAR TEX PRINTS PRIVATE LIMITED,27468,02-Oct-23,82
02-Oct-23,8193,SANSKAR TEX PRINTS PRIVATE LIMITED,27468,02-Oct-23,82
02-Oct-23,8171,SANSKAR TEX PRINTS PRIVATE LIMITED,25704,02-Oct-23,82
02-Oct-23,8155,SANSKAR TEX PRINTS PRIVATE LIMITED,27468,02-Oct-23,82
02-Oct-23,8152,SANSKAR TEX PRINTS PRIVATE LIMITED,27468,02-Oct-23,82
02-Oct-23,8154,SANSKAR TEX PRINTS PRIVATE LIMITED,27468,02-Oct-23,82
02-Oct-23,8153,SANSKAR TEX PRINTS PRIVATE LIMITED,27468,02-Oct-23,82
02-Oct-23,8170,SANSKAR TEX PRINTS PRIVATE LIMITED,25704,02-Oct-23,82
02-Oct-23,8195,SANSKAR TEX PRINTS PRIVATE LIMITED,27468,02-Oct-23,82
02-Oct-23,8196,SANSKAR TEX PRINTS PRIVATE LIMITED,27468,02-Oct-23,82
02-Oct-23,1924,SHUBH LAKSHMI FASHION,30170,02-Oct-23,82
03-Oct-23,763,KHATUDHISH SAREES,34763,03-Oct-23,81
03-Oct-23,612,RADHE KRISHNA CREATION,71137,03-Oct-23,81
03-Oct-23,611,RADHE KRISHNA CREATION,79905,03-Oct-23,81
03-Oct-23,297,SAKSHAM CREATION,89969,03-Oct-23,81
03-Oct-23,298,SAKSHAM CREATION,77490,03-Oct-23,81
03-Oct-23,8257,SANSKAR TEX PRINTS PRIVATE LIMITED,27468,03-Oct-23,81
03-Oct-23,8256,SANSKAR TEX PRINTS PRIVATE LIMITED,27468,03-Oct-23,81
03-Oct-23,2170/23-24,SHUBHAM SAREES,39794,03-Oct-23,81
03-Oct-23,2169,SHUBHAM SAREES,14906,03-Oct-23,81
03-Oct-23,49423,SONAL ENTERPRISES,45158,03-Oct-23,81
03-Oct-23,407,VISHNUPRIYA FASHION,34587,03-Oct-23,81
03-Oct-23,409,VISHNUPRIYA FASHION,29043,03-Oct-23,81
04-Oct-23,10188,DEVRANI SAREE,19572,04-Oct-23,80
04-Oct-23,10178,DEVRANI SAREE,21924,04-Oct-23,80
04-Oct-23,237,JAI MAA BHAVANI CREATION,24295,04-Oct-23,80
04-Oct-23,1298,KIRTI TRENDZ,30112,04-Oct-23,80
04-Oct-23,1519,Narayan and Sons,34493,04-Oct-23,80
04-Oct-23,15520,PURVANCHAL COLLECTION PVT LTD,34675,04-Oct-23,80
04-Oct-23,2781,RACHIT FASHION PRIVATE LIMITED,30294,04-Oct-23,80
04-Oct-23,2782,RACHIT FASHION PRIVATE LIMITED,55212,04-Oct-23,80
04-Oct-23,372,RIDHI SIDHI FASHION STUDIO,278266,04-Oct-23,80
04-Oct-23,1251,SHREE GANPATI SILK MILLS,28192,04-Oct-23,80
04-Oct-23,2180,SHUBHAM SAREES,63840,04-Oct-23,80
04-Oct-23,2181,SHUBHAM SAREES,67950,04-Oct-23,80
05-Oct-23,1225,MEEVA,102222,05-Oct-23,79
05-Oct-23,1226,MEEVA,93625,05-Oct-23,79
05-Oct-23,2350,NAYANDEEP IMPEX,29374,05-Oct-23,79
05-Oct-23,1263,SHREE GANPATI SILK MILLS,16133,05-Oct-23,79
05-Oct-23,1262,SHREE GANPATI SILK MILLS,16133,05-Oct-23,79
06-Oct-23,303,GAJLAXMI TEX,107336,06-Oct-23,78
06-Oct-23,302,GAJLAXMI TEX,109016,06-Oct-23,78
06-Oct-23,2871,RACHIT FASHION PRIVATE LIMITED,84327,06-Oct-23,78
06-Oct-23,518,RANGDEEP CREATION,37406,06-Oct-23,78
06-Oct-23,1353,ROMSHAY FABRICS,166383,06-Oct-23,78
06-Oct-23,1349,ROMSHAY FABRICS,167811,06-Oct-23,78
06-Oct-23,1268/23-24,SHREE GANPATI SILK MILLS,16703,06-Oct-23,78
06-Oct-23,1267,SHREE GANPATI SILK MILLS,16703,06-Oct-23,78
06-Oct-23,23-24/1538,SHRI AMBICA FASHION,89476,06-Oct-23,78
07-Oct-23,10811,DEVRANI SAREE,19320,07-Oct-23,77
07-Oct-23,10810,DEVRANI SAREE,19320,07-Oct-23,77
07-Oct-23,10670,DEVRANI SAREE,20748,07-Oct-23,77
07-Oct-23,1204,OM SAI CREATION,91140,07-Oct-23,77
07-Oct-23,1203,OM SAI CREATION,89087,07-Oct-23,77
07-Oct-23,16644,ROOP NIKHAR FASHION PRIVATE LIMITED,52285,07-Oct-23,77
07-Oct-23,98/23-24,SHREE NEEL KANTH CREATION,71904,07-Oct-23,77
07-Oct-23,97,SHREE NEEL KANTH CREATION,61600,07-Oct-23,77
09-Oct-23,1715,KAIA,69615,09-Oct-23,75
09-Oct-23,1716,KAIA,31080,09-Oct-23,75
09-Oct-23,819,KHATUDHISH SAREES,74244,09-Oct-23,75
09-Oct-23,820,KHATUDHISH SAREES,78781,09-Oct-23,75
09-Oct-23,534,PALAK PRINTS,72873,09-Oct-23,75
09-Oct-23,536,PALAK PRINTS,30481,09-Oct-23,75
09-Oct-23,66,RAVI FASHION,95346,09-Oct-23,75
10-Oct-23,226,K3 PRINTS,83438,10-Oct-23,74
10-Oct-23,839,KHATUDHISH SAREES,27214,10-Oct-23,74
10-Oct-23,2320,SHUBHAM SAREES,26135,10-Oct-23,74
10-Oct-23,2321,SHUBHAM SAREES,24072,10-Oct-23,74
10-Oct-23,49450,SONAL ENTERPRISES,29333,10-Oct-23,74
10-Oct-23,415,VISHNUPRIYA FASHION,20160,10-Oct-23,74
10-Oct-23,414,VISHNUPRIYA FASHION,19278,10-Oct-23,74
10-Oct-23,416,VISHNUPRIYA FASHION,21546,10-Oct-23,74
10-Oct-23,417,VISHNUPRIYA FASHION,21546,10-Oct-23,74
11-Oct-23,1504,ANJALI CREATION,66154,11-Oct-23,73
11-Oct-23,1505,ANJALI CREATION,64967,11-Oct-23,73
11-Oct-23,74791,KOSHIKA SAREES,47328,11-Oct-23,73
11-Oct-23,2200,Mahadev Krupa,29778,11-Oct-23,73
11-Oct-23,3047,RACHIT FASHION PRIVATE LIMITED,78017,11-Oct-23,73
11-Oct-23,3046,RACHIT FASHION PRIVATE LIMITED,10359,11-Oct-23,73
11-Oct-23,77,RAVI FASHION,36400,11-Oct-23,73
11-Oct-23,8836,SANSKAR TEX PRINTS PRIVATE LIMITED,44100,11-Oct-23,73
11-Oct-23,8837,SANSKAR TEX PRINTS PRIVATE LIMITED,44100,11-Oct-23,73
11-Oct-23,902,SHRI KRISHNA TEXTILES,44100,11-Oct-23,73
11-Oct-23,49454,SONAL ENTERPRISES,45158,11-Oct-23,73
12-Oct-23,2963,HIMANSHU TEXTILES,100699,12-Oct-23,72
12-Oct-23,1524,KIRTI TRENDZ,51332,12-Oct-23,72
12-Oct-23,1523,KIRTI TRENDZ,51903,12-Oct-23,72
12-Oct-23,724,NANKI TEXTILES,32550,12-Oct-23,72
12-Oct-23,206,Pragti Fashion,69500,12-Oct-23,72
12-Oct-23,673,RADHE KRISHNA CREATION,57586,12-Oct-23,72
12-Oct-23,8916,SANSKAR TEX PRINTS PRIVATE LIMITED,104249,12-Oct-23,72
12-Oct-23,8905,SANSKAR TEX PRINTS PRIVATE LIMITED,42168,12-Oct-23,72
12-Oct-23,8917,SANSKAR TEX PRINTS PRIVATE LIMITED,104249,12-Oct-23,72
12-Oct-23,8918,SANSKAR TEX PRINTS PRIVATE LIMITED,115904,12-Oct-23,72
12-Oct-23,909,SHRI KRISHNA TEXTILES,86415,12-Oct-23,72
12-Oct-23,49460,SONAL ENTERPRISES,46721,12-Oct-23,72
13-Oct-23,2964,HIMANSHU TEXTILES,77130,13-Oct-23,71
13-Oct-23,1262,OM SAI CREATION,94836,13-Oct-23,71
13-Oct-23,3132,RACHIT FASHION PRIVATE LIMITED,84334,13-Oct-23,71
13-Oct-23,82,RAVI FASHION,73920,13-Oct-23,71
13-Oct-23,5380,SHANTI PRINTS,15624,13-Oct-23,71
13-Oct-23,3018,SHREE JAYANAND TEXTILES PRIVATE LIMITED,21147,13-Oct-23,71
13-Oct-23,915,SHRI KRISHNA TEXTILES,45360,13-Oct-23,71
13-Oct-23,2387,SHUBHAM SAREES,69048,13-Oct-23,71
13-Oct-23,2398,SHUBHAM SAREES,58691,13-Oct-23,71
13-Oct-23,2388,SHUBHAM SAREES,7988,13-Oct-23,71
13-Oct-23,49466,SONAL ENTERPRISES,31689,13-Oct-23,71
13-Oct-23,138,TARA ENTERPRISES,4369,13-Oct-23,71
13-Oct-23,136,TARA ENTERPRISES,40195,13-Oct-23,71
13-Oct-23,2353,VELVET HOME,29333,13-Oct-23,71
14-Oct-23,1698,Jayna Trendz,139574,14-Oct-23,70
14-Oct-23,1697,Jayna Trendz,126528,14-Oct-23,70
14-Oct-23,887,KHATUDHISH SAREES,92979,14-Oct-23,70
14-Oct-23,88,NANDINI SAREES,18564,14-Oct-23,70
14-Oct-23,87,NANDINI SAREES,18564,14-Oct-23,70
14-Oct-23,3055,SHREE JAYANAND TEXTILES PRIVATE LIMITED,22743,14-Oct-23,70
14-Oct-23,932,SHRI KRISHNA TEXTILES,98070,14-Oct-23,70
14-Oct-23,931/23-24,SHRI KRISHNA TEXTILES,36855,14-Oct-23,70
14-Oct-23,423,VISHNUPRIYA FASHION,24570,14-Oct-23,70
14-Oct-23,488,WAAH DIL FASHION,75695,14-Oct-23,70
16-Oct-23,2212,MAHENDER SINGH RAVINDER KUMAR,34650,16-Oct-23,68
16-Oct-23,92,NANDINI SAREES,27468,16-Oct-23,68
16-Oct-23,91,NANDINI SAREES,25956,16-Oct-23,68
16-Oct-23,520,NAVEEN PRINTS PRIVATE LIMITED,5954,16-Oct-23,68
16-Oct-23,3175,RACHIT FASHION PRIVATE LIMITED,52007,16-Oct-23,68
16-Oct-23,9154,SANSKAR TEX PRINTS PRIVATE LIMITED,25704,16-Oct-23,68
16-Oct-23,9149,SANSKAR TEX PRINTS PRIVATE LIMITED,23184,16-Oct-23,68
16-Oct-23,9156,SANSKAR TEX PRINTS PRIVATE LIMITED,25704,16-Oct-23,68
16-Oct-23,9155,SANSKAR TEX PRINTS PRIVATE LIMITED,25704,16-Oct-23,68
16-Oct-23,2448,SHUBHAM SAREES,70650,16-Oct-23,68
16-Oct-23,2449,SHUBHAM SAREES,46672,16-Oct-23,68
16-Oct-23,2450,SHUBHAM SAREES,30369,16-Oct-23,68
16-Oct-23,49485,SONAL ENTERPRISES,29333,16-Oct-23,68
17-Oct-23,GC/098/23-24,GANPATI CREATION (DL),83535,17-Oct-23,67
17-Oct-23,1747,Jayna Trendz,124879,17-Oct-23,67
17-Oct-23,1746,Jayna Trendz,125684,17-Oct-23,67
17-Oct-23,1297,OM SAI CREATION,71400,17-Oct-23,67
17-Oct-23,18431,ROOP NIKHAR FASHION PRIVATE LIMITED,81926,17-Oct-23,67
17-Oct-23,18433,ROOP NIKHAR FASHION PRIVATE LIMITED,56222,17-Oct-23,67
17-Oct-23,9222,SANSKAR TEX PRINTS PRIVATE LIMITED,34304,17-Oct-23,67
17-Oct-23,3071,SHREE JAYANAND TEXTILES PRIVATE LIMITED,41958,17-Oct-23,67
17-Oct-23,3070,SHREE JAYANAND TEXTILES PRIVATE LIMITED,41958,17-Oct-23,67
17-Oct-23,3069,SHREE JAYANAND TEXTILES PRIVATE LIMITED,41958,17-Oct-23,67
17-Oct-23,3066,SHREE JAYANAND TEXTILES PRIVATE LIMITED,21945,17-Oct-23,67
17-Oct-23,3073,SHREE JAYANAND TEXTILES PRIVATE LIMITED,23142,17-Oct-23,67
17-Oct-23,2503,SHUBHAM SAREES,62222,17-Oct-23,67
17-Oct-23,426,VISHNUPRIYA FASHION,19189,17-Oct-23,67
17-Oct-23,425,VISHNUPRIYA FASHION,29006,17-Oct-23,67
18-Oct-23,11788,DEVRANI SAREE,19068,18-Oct-23,66
18-Oct-23,11787,DEVRANI SAREE,19320,18-Oct-23,66
18-Oct-23,11786,DEVRANI SAREE,20328,18-Oct-23,66
18-Oct-23,11789,DEVRANI SAREE,19740,18-Oct-23,66
18-Oct-23,11785,DEVRANI SAREE,17976,18-Oct-23,66
18-Oct-23,921,KHATUDHISH SAREES,80116,18-Oct-23,66
18-Oct-23,927,KHATUDHISH SAREES,74580,18-Oct-23,66
18-Oct-23,9272,SANSKAR TEX PRINTS PRIVATE LIMITED,39312,18-Oct-23,66
18-Oct-23,9273,SANSKAR TEX PRINTS PRIVATE LIMITED,39312,18-Oct-23,66
18-Oct-23,427,VISHNUPRIYA FASHION,32130,18-Oct-23,66
18-Oct-23,429,VISHNUPRIYA FASHION,26082,18-Oct-23,66
18-Oct-23,428,VISHNUPRIYA FASHION,35475,18-Oct-23,66
19-Oct-23,11949,DEVRANI SAREE,19404,19-Oct-23,65
19-Oct-23,11948,DEVRANI SAREE,19404,19-Oct-23,65
19-Oct-23,GC/101/23-24,GANPATI CREATION (DL),37297,19-Oct-23,65
19-Oct-23,GC/102/23-24,GANPATI CREATION (DL),26212,19-Oct-23,65
19-Oct-23,3175,HIMANSHU TEXTILES,100699,19-Oct-23,65
19-Oct-23,1499,KIRTI TRENDZ,51556,19-Oct-23,65
19-Oct-23,5901,NAGPAL FABRICS PVT. LTD.,5513,19-Oct-23,65
19-Oct-23,1894,RANGRUCHI FASHION PRIVATE LIMITED,139776,19-Oct-23,65
19-Oct-23,1896,RANGRUCHI FASHION PRIVATE LIMITED,93458,19-Oct-23,65
19-Oct-23,1895,RANGRUCHI FASHION PRIVATE LIMITED,116295,19-Oct-23,65
19-Oct-23,18974,ROOP NIKHAR FASHION PRIVATE LIMITED,85502,19-Oct-23,65
19-Oct-23,9341,SANSKAR TEX PRINTS PRIVATE LIMITED,101220,19-Oct-23,65
19-Oct-23,9340,SANSKAR TEX PRINTS PRIVATE LIMITED,104360,19-Oct-23,65
19-Oct-23,9342,SANSKAR TEX PRINTS PRIVATE LIMITED,91235,19-Oct-23,65
19-Oct-23,9343,SANSKAR TEX PRINTS PRIVATE LIMITED,81060,19-Oct-23,65
19-Oct-23,5616,SHANTI PRINTS,22302,19-Oct-23,65
19-Oct-23,2048,SHRI SAI KRUPA CREATIONS PRIVATE LIMITED,54208,19-Oct-23,65
19-Oct-23,432,VISHNUPRIYA FASHION,31140,19-Oct-23,65
19-Oct-23,430,VISHNUPRIYA FASHION,47754,19-Oct-23,65
19-Oct-23,431,VISHNUPRIYA FASHION,32544,19-Oct-23,65
19-Oct-23,433,VISHNUPRIYA FASHION,46202,19-Oct-23,65
19-Oct-23,1267,YUVIKA SILK MILLS PVT. LTD.,83239,19-Oct-23,65
20-Oct-23,12081,DEVRANI SAREE,21000,20-Oct-23,64
20-Oct-23,12080,DEVRANI SAREE,21000,20-Oct-23,64
20-Oct-23,942,KHATUDHISH SAREES,49471,20-Oct-23,64
20-Oct-23,3191,MANIYAR SYNTHETICS PVT.LTD.,111524,20-Oct-23,64
20-Oct-23,3192,MANIYAR SYNTHETICS PVT.LTD.,114569,20-Oct-23,64
20-Oct-23,6676,NEHA SILK MILLS,43703,20-Oct-23,64
20-Oct-23,1003X1,SAMYAK DESIGNER,62899,20-Oct-23,64
20-Oct-23,1002X1,SAMYAK DESIGNER,61595,20-Oct-23,64
20-Oct-23,5655,SHANTI PRINTS,31752,20-Oct-23,64
20-Oct-23,2616,SHUBH LAKSHMI FASHION,31556,20-Oct-23,64
20-Oct-23,2615,SHUBH LAKSHMI FASHION,38595,20-Oct-23,64
20-Oct-23,2614,SHUBH LAKSHMI FASHION,43467,20-Oct-23,64
20-Oct-23,2329,SWAASTIK TRADING COMPANY,45346,20-Oct-23,64
21-Oct-23,3442,B' FINE,85181,21-Oct-23,63
21-Oct-23,3441,B' FINE,85181,21-Oct-23,63
21-Oct-23,12348,DEVRANI SAREE,21168,21-Oct-23,63
21-Oct-23,12362,DEVRANI SAREE,17472,21-Oct-23,63
21-Oct-23,5229,HARSH TRADING COMPANY,89261,21-Oct-23,63
21-Oct-23,531,Pappu Silk Mills,16817,21-Oct-23,63
21-Oct-23,532,Pappu Silk Mills,16817,21-Oct-23,63
21-Oct-23,2573,Pikasho Fashion,33611,21-Oct-23,63
21-Oct-23,3374,RACHIT FASHION PRIVATE LIMITED,18927,21-Oct-23,63
21-Oct-23,19290,ROOP NIKHAR FASHION PRIVATE LIMITED,120519,21-Oct-23,63
21-Oct-23,19293,ROOP NIKHAR FASHION PRIVATE LIMITED,38588,29-Oct-23,55
21-Oct-23,5716,SHANTI PRINTS,16128,21-Oct-23,63
21-Oct-23,2576,VELVET HOME,47956,21-Oct-23,63
22-Oct-23,100,NANDINI SAREES,27468,22-Oct-23,62
22-Oct-23,99/23-24,NANDINI SAREES,22512,22-Oct-23,62
22-Oct-23,1882,VGM CREATION,87224,22-Oct-23,62
22-Oct-23,434,VISHNUPRIYA FASHION,50765,22-Oct-23,62
22-Oct-23,435,VISHNUPRIYA FASHION,44714,22-Oct-23,62
23-Oct-23,6720,AAINA SILK MILLS LLP,30045,23-Oct-23,61
23-Oct-23,6723,AAINA SILK MILLS LLP,29805,23-Oct-23,61
23-Oct-23,6722,AAINA SILK MILLS LLP,29805,23-Oct-23,61
23-Oct-23,6719,AAINA SILK MILLS LLP,31960,23-Oct-23,61
23-Oct-23,6721,AAINA SILK MILLS LLP,29805,23-Oct-23,61
23-Oct-23,1483,ANAYA DESIGNER,115951,23-Oct-23,61
23-Oct-23,1484,ANAYA DESIGNER,102582,23-Oct-23,61
23-Oct-23,78966,CHITRAKOOT,23688,23-Oct-23,61
23-Oct-23,12421,DEVRANI SAREE,19068,23-Oct-23,61
23-Oct-23,1195,GANPATI TEXTILES,25572,23-Oct-23,61
23-Oct-23,356,GOLDEN ENTERPRISE,119417,23-Oct-23,61
23-Oct-23,896,KATYANI FASHION HUB,108087,23-Oct-23,61
23-Oct-23,897,KATYANI FASHION HUB,90599,23-Oct-23,61
23-Oct-23,1778,KIRTI TRENDZ,59175,23-Oct-23,61
23-Oct-23,102/23-24,NANDINI SAREES,22512,23-Oct-23,61
23-Oct-23,797,NANKI TEXTILES,60900,23-Oct-23,61
23-Oct-23,1361,OM SAI CREATION,73920,23-Oct-23,61
23-Oct-23,1639,ROMSHAY FABRICS,65835,23-Oct-23,61
23-Oct-23,1638,ROMSHAY FABRICS,98700,23-Oct-23,61
23-Oct-23,1640,ROMSHAY FABRICS,40908,23-Oct-23,61
23-Oct-23,1385,SHREE GANPATI SILK MILLS,16133,23-Oct-23,61
23-Oct-23,1384,SHREE GANPATI SILK MILLS,16133,23-Oct-23,61
23-Oct-23,2678,SHUBHAM SAREES,69273,23-Oct-23,61
23-Oct-23,2679,SHUBHAM SAREES,48522,23-Oct-23,61
23-Oct-23,2680,SHUBHAM SAREES,29100,23-Oct-23,61
23-Oct-23,2701,SHUBHAM SAREES,68399,23-Oct-23,61
23-Oct-23,438,VISHNUPRIYA FASHION,23436,23-Oct-23,61
23-Oct-23,437,VISHNUPRIYA FASHION,23436,23-Oct-23,61
23-Oct-23,436,VISHNUPRIYA FASHION,32130,23-Oct-23,61
24-Oct-23,76873,CHITRAKOOT,26334,24-Oct-23,60
24-Oct-23,76685,CHITRAKOOT,19984,24-Oct-23,60
24-Oct-23,1791,KIRTI TRENDZ,70949,24-Oct-23,60
24-Oct-23,6812,NEHA SILK MILLS,56899,24-Oct-23,60
24-Oct-23,6802,NEHA SILK MILLS,55622,24-Oct-23,60
24-Oct-23,1025,SHRI KRISHNA TEXTILES,44940,24-Oct-23,60
24-Oct-23,2713,SHUBHAM SAREES,61812,24-Oct-23,60
25-Oct-23,489,AD MEDIA ADVERTISING,10250,25-Oct-23,59
25-Oct-23,1503,ANAYA DESIGNER,130734,25-Oct-23,59
25-Oct-23,1502,ANAYA DESIGNER,126107,25-Oct-23,59
25-Oct-23,77714,CHITRAKOOT,16375,25-Oct-23,59
25-Oct-23,77645,CHITRAKOOT,21042,25-Oct-23,59
25-Oct-23,77676,CHITRAKOOT,19202,25-Oct-23,59
25-Oct-23,77434,CHITRAKOOT,21445,25-Oct-23,59
25-Oct-23,77788,CHITRAKOOT,21445,25-Oct-23,59
25-Oct-23,77419,CHITRAKOOT,21445,25-Oct-23,59
25-Oct-23,12644,DEVRANI SAREE,18228,25-Oct-23,59
25-Oct-23,12603,DEVRANI SAREE,18060,25-Oct-23,59
25-Oct-23,12688,DEVRANI SAREE,21672,25-Oct-23,59
25-Oct-23,12645,DEVRANI SAREE,19404,25-Oct-23,59
25-Oct-23,12643,DEVRANI SAREE,20328,25-Oct-23,59
25-Oct-23,GC/108/23-24,GANPATI CREATION (DL),53192,25-Oct-23,59
25-Oct-23,163,JAI LATKANS,39480,25-Oct-23,59
25-Oct-23,1779,KIRTI TRENDZ,75919,25-Oct-23,59
25-Oct-23,19847,ROOP NIKHAR FASHION PRIVATE LIMITED,92421,25-Oct-23,59
25-Oct-23,2798,SAKSHI VOGUE INDIA PRIVATE LIMITED,71342,25-Oct-23,59
25-Oct-23,2799,SAKSHI VOGUE INDIA PRIVATE LIMITED,51765,25-Oct-23,59
25-Oct-23,3257,SALVI FASHION PRIVATE LIMITED,32319,25-Oct-23,59
25-Oct-23,3258,SALVI FASHION PRIVATE LIMITED,34713,25-Oct-23,59
25-Oct-23,3259,SALVI FASHION PRIVATE LIMITED,35431,25-Oct-23,59
25-Oct-23,9559,SANSKAR TEX PRINTS PRIVATE LIMITED,62087,25-Oct-23,59
25-Oct-23,9572,SANSKAR TEX PRINTS PRIVATE LIMITED,56700,25-Oct-23,59
25-Oct-23,9563,SANSKAR TEX PRINTS PRIVATE LIMITED,35217,25-Oct-23,59
25-Oct-23,9562,SANSKAR TEX PRINTS PRIVATE LIMITED,35028,25-Oct-23,59
25-Oct-23,9558,SANSKAR TEX PRINTS PRIVATE LIMITED,17137,25-Oct-23,59
25-Oct-23,3138,SHREE JAYANAND TEXTILES PRIVATE LIMITED,37296,25-Oct-23,59
25-Oct-23,3139,SHREE JAYANAND TEXTILES PRIVATE LIMITED,37296,25-Oct-23,59
25-Oct-23,2747,SHUBHAM SAREES,48796,25-Oct-23,59
25-Oct-23,2748,SHUBHAM SAREES,27567,25-Oct-23,59
25-Oct-23,7636,SHUBHAM SAREES,4725,25-Oct-23,59
25-Oct-23,1314,SKYLARK SAREES PRIVATE LIMITED,114765,25-Oct-23,59
25-Oct-23,442,VISHNUPRIYA FASHION,26082,25-Oct-23,59
25-Oct-23,441,VISHNUPRIYA FASHION,25326,25-Oct-23,59
25-Oct-23,439,VISHNUPRIYA FASHION,28350,25-Oct-23,59
26-Oct-23,77973,CHITRAKOOT,15498,26-Oct-23,58
26-Oct-23,78051,CHITRAKOOT,22008,26-Oct-23,58
26-Oct-23,77899,CHITRAKOOT,13117,26-Oct-23,58
26-Oct-23,78097,CHITRAKOOT,22008,26-Oct-23,58
26-Oct-23,989,KHATUDHISH SAREES,57648,26-Oct-23,58
26-Oct-23,1694,MEEVA,117765,26-Oct-23,58
26-Oct-23,6901,NEHA SILK MILLS,57656,26-Oct-23,58
26-Oct-23,2393,PARAG SAREES (DL),29792,26-Oct-23,58
26-Oct-23,337,PAWAN & SONS,91752,26-Oct-23,58
26-Oct-23,9619,SANSKAR TEX PRINTS PRIVATE LIMITED,24570,26-Oct-23,58
26-Oct-23,5963,SHANTI PRINTS,24192,26-Oct-23,58
26-Oct-23,3136,SHREE JAYANAND TEXTILES PRIVATE LIMITED,37296,26-Oct-23,58
26-Oct-23,3147,SHREE JAYANAND TEXTILES PRIVATE LIMITED,23100,26-Oct-23,58
26-Oct-23,3137,SHREE JAYANAND TEXTILES PRIVATE LIMITED,37296,26-Oct-23,58
26-Oct-23,3140,SHREE JAYANAND TEXTILES PRIVATE LIMITED,42553,26-Oct-23,58
26-Oct-23,3148,SHREE JAYANAND TEXTILES PRIVATE LIMITED,23100,26-Oct-23,58
26-Oct-23,3144,SHREE JAYANAND TEXTILES PRIVATE LIMITED,37296,26-Oct-23,58
26-Oct-23,3145,SHREE JAYANAND TEXTILES PRIVATE LIMITED,36907.5,26-Oct-23,58
26-Oct-23,2778,SHUBHAM SAREES,71476,26-Oct-23,58
26-Oct-23,2779,SHUBHAM SAREES,82438,26-Oct-23,58
26-Oct-23,2777,SHUBHAM SAREES,28085,26-Oct-23,58
26-Oct-23,2465,SUPRIYA FASHION,66613,26-Oct-23,58
26-Oct-23,2466,SUPRIYA FASHION,66613,26-Oct-23,58
26-Oct-23,445,VISHNUPRIYA FASHION,30303,26-Oct-23,58
26-Oct-23,443,VISHNUPRIYA FASHION,36446,26-Oct-23,58
26-Oct-23,444,VISHNUPRIYA FASHION,30713,26-Oct-23,58
27-Oct-23,1827,Cash Sale,433000,27-Oct-23,57
27-Oct-23,78594,CHITRAKOOT,18610,27-Oct-23,57
27-Oct-23,78595,CHITRAKOOT,18610,27-Oct-23,57
27-Oct-23,79264,CHITRAKOOT,27787,27-Oct-23,57
27-Oct-23,79265,CHITRAKOOT,27787,27-Oct-23,57
27-Oct-23,79162,CHITRAKOOT,23159,27-Oct-23,57
27-Oct-23,79263,CHITRAKOOT,27787,27-Oct-23,57
27-Oct-23,78968,CHITRAKOOT,23688,27-Oct-23,57
27-Oct-23,78967,CHITRAKOOT,23688,27-Oct-23,57
27-Oct-23,999,KHATUDHISH SAREES,76134,27-Oct-23,57
27-Oct-23,5369,MEEVA,55883,27-Oct-23,57
27-Oct-23,850,PREM SAREE SELECTION,69440,27-Oct-23,57
27-Oct-23,9654,SANSKAR TEX PRINTS PRIVATE LIMITED,44100,27-Oct-23,57
27-Oct-23,9656,SANSKAR TEX PRINTS PRIVATE LIMITED,44100,27-Oct-23,57
27-Oct-23,9655,SANSKAR TEX PRINTS PRIVATE LIMITED,44100,27-Oct-23,57
27-Oct-23,3143,SHREE JAYANAND TEXTILES PRIVATE LIMITED,37296,27-Oct-23,57
27-Oct-23,3156,SHREE JAYANAND TEXTILES PRIVATE LIMITED,23100,27-Oct-23,57
28-Oct-23,1858,Cash Sale,238500,28-Oct-23,56
28-Oct-23,79484,CHITRAKOOT,27787,28-Oct-23,56
28-Oct-23,79812,CHITRAKOOT,22504,28-Oct-23,56
28-Oct-23,80044,CHITRAKOOT,39690,28-Oct-23,56
28-Oct-23,79918,CHITRAKOOT,18967,28-Oct-23,56
28-Oct-23,80086,CHITRAKOOT,22504,28-Oct-23,56
28-Oct-23,79486,CHITRAKOOT,27787,28-Oct-23,56
28-Oct-23,79851,CHITRAKOOT,26082,28-Oct-23,56
28-Oct-23,79485,CHITRAKOOT,27787,28-Oct-23,56
28-Oct-23,79533,CHITRAKOOT,27787,28-Oct-23,56
28-Oct-23,79687,CHITRAKOOT,13117,28-Oct-23,56
28-Oct-23,80143,CHITRAKOOT,15893,28-Oct-23,56
28-Oct-23,80142,CHITRAKOOT,15893,28-Oct-23,56
28-Oct-23,13224,DEVRANI SAREE,22344,28-Oct-23,56
28-Oct-23,13263,DEVRANI SAREE,16632,28-Oct-23,56
28-Oct-23,1028,RADHIKA TEXTILE,24539,28-Oct-23,56
28-Oct-23,1848,SKYKING,520,28-Oct-23,56
29-Oct-23,1859,Cash Sale,528000,29-Oct-23,55
29-Oct-23,80840,CHITRAKOOT,49966,29-Oct-23,55
29-Oct-23,80631,CHITRAKOOT,13117,29-Oct-23,55
29-Oct-23,80812,CHITRAKOOT,26082,29-Oct-23,55
29-Oct-23,855,NANKI TEXTILES,20265,29-Oct-23,55
29-Oct-23,1155,OM PRAKASH KISHAN CHAND,15923,29-Oct-23,55
29-Oct-23,692,SHREE HARI CREATION,126441,29-Oct-23,55
30-Oct-23,1860,Cash Sale,494500,30-Oct-23,54
30-Oct-23,80908,CHITRAKOOT,10931,30-Oct-23,54
30-Oct-23,81315,CHITRAKOOT,35721,30-Oct-23,54
30-Oct-23,81342,CHITRAKOOT,18085,30-Oct-23,54
30-Oct-23,13505,DEVRANI SAREE,18228,30-Oct-23,54
30-Oct-23,13339,DEVRANI SAREE,16548,30-Oct-23,54
30-Oct-23,3445,HIMANSHU TEXTILES,5065,30-Oct-23,54
30-Oct-23,865,NANKI TEXTILES,14427,30-Oct-23,54
30-Oct-23,500,OJAS SAREES,57488,30-Oct-23,54
30-Oct-23,501,OJAS SAREES,45229,30-Oct-23,54
30-Oct-23,3603,RACHIT FASHION PRIVATE LIMITED,18927,30-Oct-23,54
30-Oct-23,3602,RACHIT FASHION PRIVATE LIMITED,66928,30-Oct-23,54
30-Oct-23,3626,RACHIT FASHION PRIVATE LIMITED,9970,30-Oct-23,54
30-Oct-23,3627,RACHIT FASHION PRIVATE LIMITED,11311,30-Oct-23,54
30-Oct-23,103,RAVI FASHION,89656,30-Oct-23,54
30-Oct-23,1419,SHREE GANPATI SILK MILLS,16703,30-Oct-23,54
30-Oct-23,1420,SHREE GANPATI SILK MILLS,16703,30-Oct-23,54
30-Oct-23,2962,SHUBHAM SAREES,58404,30-Oct-23,54
30-Oct-23,2963,SHUBHAM SAREES,14599,30-Oct-23,54
30-Oct-23,1366,SKYLARK SAREES PRIVATE LIMITED,21683,30-Oct-23,54
30-Oct-23,49546,SONAL ENTERPRISES,27783,30-Oct-23,54
30-Oct-23,446,VISHNUPRIYA FASHION,36162,30-Oct-23,54
30-Oct-23,447,VISHNUPRIYA FASHION,22260,30-Oct-23,54
31-Oct-23,1574,ANAYA DESIGNER,106503,31-Oct-23,53
31-Oct-23,1575,ANAYA DESIGNER,96776,31-Oct-23,53
31-Oct-23,82456,CHITRAKOOT,18396,31-Oct-23,53
31-Oct-23,82499,CHITRAKOOT,25804.8,31-Oct-23,53
31-Oct-23,82246,CHITRAKOOT,14900,31-Oct-23,53
31-Oct-23,82402,CHITRAKOOT,18085,31-Oct-23,53
31-Oct-23,82300,CHITRAKOOT,19858,31-Oct-23,53
31-Oct-23,82301,CHITRAKOOT,19858,31-Oct-23,53
31-Oct-23,82080,CHITRAKOOT,10931,31-Oct-23,53
31-Oct-23,81732,CHITRAKOOT,38900,31-Oct-23,53
31-Oct-23,82498,CHITRAKOOT,25805,31-Oct-23,53
31-Oct-23,82437,CHITRAKOOT,25805,31-Oct-23,53
31-Oct-23,82439,CHITRAKOOT,25805,31-Oct-23,53
31-Oct-23,82438,CHITRAKOOT,25805,31-Oct-23,53
31-Oct-23,1835,D.R.T.C Transport,300,31-Oct-23,53
31-Oct-23,1886,D.R.T.C Transport,89545,31-Oct-23,53
31-Oct-23,118/23-24,NANDINI SAREES,22512,31-Oct-23,53
31-Oct-23,502,OJAS SAREES,5198,31-Oct-23,53
31-Oct-23,1157,OM PRAKASH KISHAN CHAND,5644,31-Oct-23,53
31-Oct-23,1156,OM PRAKASH KISHAN CHAND,11288,31-Oct-23,53
31-Oct-23,1456,OM SAI CREATION,35777,31-Oct-23,53
31-Oct-23,607,PARAS FASHION,67935,31-Oct-23,53
31-Oct-23,608,PARAS FASHION,79233,31-Oct-23,53
31-Oct-23,609,PARAS FASHION,38430,31-Oct-23,53
31-Oct-23,3663,RACHIT FASHION PRIVATE LIMITED,108354,31-Oct-23,53
31-Oct-23,104,RAVI FASHION,95667,31-Oct-23,53
31-Oct-23,2978,SHUBHAM SAREES,63625,31-Oct-23,53
31-Oct-23,2986,SHUBHAM SAREES,51286,31-Oct-23,53
31-Oct-23,49553,SONAL ENTERPRISES,25326,31-Oct-23,53
31-Oct-23,2733,VELVET HOME,18890,31-Oct-23,53
01-Nov-23,1588,ANAYA DESIGNER,125583,01-Nov-23,52
01-Nov-23,1592,ANAYA DESIGNER,106634,01-Nov-23,52
01-Nov-23,1862,Cash Sale,159500,01-Nov-23,52
01-Nov-23,83081,CHITRAKOOT,22008,01-Nov-23,52
01-Nov-23,82565,CHITRAKOOT,13117,01-Nov-23,52
01-Nov-23,82957,CHITRAKOOT,14900,01-Nov-23,52
01-Nov-23,83209,CHITRAKOOT,25805,01-Nov-23,52
01-Nov-23,83208,CHITRAKOOT,25805,01-Nov-23,52
01-Nov-23,1883,HARISH KUMAR KAPIL KUMAR,46619,01-Nov-23,52
01-Nov-23,164,JAI LATKANS,18743,01-Nov-23,52
01-Nov-23,119/23-24,NANDINI SAREES,25956,01-Nov-23,52
01-Nov-23,1158,OM PRAKASH KISHAN CHAND,21499,01-Nov-23,52
01-Nov-23,4201,SETIA ELECTRICALS & ELECTRONICS,5783,01-Nov-23,52
01-Nov-23,730,SHREE HARI CREATION,138857,01-Nov-23,52
01-Nov-23,449,VISHNUPRIYA FASHION,30713,01-Nov-23,52
02-Nov-23,510,AD MEDIA ADVERTISING,24024,02-Nov-23,51
02-Nov-23,83753,CHITRAKOOT,27783,02-Nov-23,51
02-Nov-23,83826,CHITRAKOOT,23688,02-Nov-23,51
02-Nov-23,83864,CHITRAKOOT,23024,02-Nov-23,51
02-Nov-23,83865,CHITRAKOOT,23024,02-Nov-23,51
02-Nov-23,83604,CHITRAKOOT,17879,02-Nov-23,51
02-Nov-23,83483,CHITRAKOOT,25805,02-Nov-23,51
02-Nov-23,83526,CHITRAKOOT,18610,02-Nov-23,51
02-Nov-23,1884,HARISH KUMAR KAPIL KUMAR,35305,02-Nov-23,51
02-Nov-23,1885,HARISH KUMAR KAPIL KUMAR,46683,02-Nov-23,51
02-Nov-23,1043,KHATUDHISH SAREES,40698,02-Nov-23,51
02-Nov-23,1159,OM PRAKASH KISHAN CHAND,12495,02-Nov-23,51
02-Nov-23,3387,Shri Ram Designer,37912,02-Nov-23,51
02-Nov-23,49565,SONAL ENTERPRISES,4843,02-Nov-23,51
02-Nov-23,4684,SUNJYOTI TEXFAB PRIVATE LIMITED,49556,02-Nov-23,51
02-Nov-23,2793,SWAASTIK TRADING COMPANY,43551,02-Nov-23,51
02-Nov-23,2795,SWAASTIK TRADING COMPANY,39860,02-Nov-23,51
02-Nov-23,2791,SWAASTIK TRADING COMPANY,42274,02-Nov-23,51
03-Nov-23,1882,Cash Sale,123500,03-Nov-23,50
03-Nov-23,1621,CHHOTU RAM RAJENDER PARSAD,88757,03-Nov-23,50
03-Nov-23,1622,CHHOTU RAM RAJENDER PARSAD,81034,03-Nov-23,50
03-Nov-23,84583,CHITRAKOOT,25805,03-Nov-23,50
03-Nov-23,84456,CHITRAKOOT,25141,03-Nov-23,50
03-Nov-23,84403,CHITRAKOOT,18610,03-Nov-23,50
03-Nov-23,84347,CHITRAKOOT,17879,03-Nov-23,50
03-Nov-23,84157,CHITRAKOOT,21445,03-Nov-23,50
03-Nov-23,84117,CHITRAKOOT,25805,03-Nov-23,50
03-Nov-23,84118,CHITRAKOOT,25805,03-Nov-23,50
03-Nov-23,84582,CHITRAKOOT,25805,03-Nov-23,50
03-Nov-23,1327,GANPATI TEXTILES,28067,03-Nov-23,50
03-Nov-23,1888,HARISH KUMAR KAPIL KUMAR,44894,03-Nov-23,50
03-Nov-23,5427,MEEVA,80043,03-Nov-23,50
03-Nov-23,124,NANDINI SAREES,22512,03-Nov-23,50
03-Nov-23,1573,RADHA FAB,23892,03-Nov-23,50
03-Nov-23,1747,SHREE GANPATI COMPUTERS,1600,03-Nov-23,50
03-Nov-23,1756,SHREE GANPATI COMPUTERS,38200,03-Nov-23,50
03-Nov-23,1883,SKYKING,80,03-Nov-23,50
03-Nov-23,452,VISHNUPRIYA FASHION,6300,03-Nov-23,50
03-Nov-23,453,VISHNUPRIYA FASHION,20580,03-Nov-23,50
03-Nov-23,454,VISHNUPRIYA FASHION,20580,03-Nov-23,50
03-Nov-23,450,VISHNUPRIYA FASHION,28350,03-Nov-23,50
03-Nov-23,451,VISHNUPRIYA FASHION,23436,03-Nov-23,50
04-Nov-23,11040,Cash Sale,314500,04-Nov-23,49
04-Nov-23,85083,CHITRAKOOT,13117,04-Nov-23,49
04-Nov-23,13947,DEVRANI SAREE,19404,04-Nov-23,49
04-Nov-23,13943,DEVRANI SAREE,18228,04-Nov-23,49
04-Nov-23,13944,DEVRANI SAREE,18228,04-Nov-23,49
04-Nov-23,13946,DEVRANI SAREE,19320,04-Nov-23,49
04-Nov-23,13945,DEVRANI SAREE,19320,04-Nov-23,49
04-Nov-23,120,FAMAYRAA FASHION,85326,04-Nov-23,49
04-Nov-23,1349,GANPATI TEXTILES,29615,04-Nov-23,49
04-Nov-23,271,K3 PRINTS,178584,04-Nov-23,49
04-Nov-23,869,Kashikala,41281,04-Nov-23,49
04-Nov-23,11970,KRISHNA PRINTS,170578,04-Nov-23,49
04-Nov-23,62426,M K Traders,2100,04-Nov-23,49
04-Nov-23,1160,OM PRAKASH KISHAN CHAND,6983,04-Nov-23,49
04-Nov-23,1589,RADHA FAB,23880,04-Nov-23,49
04-Nov-23,814,RADHE KRISHNA CREATION,43192,04-Nov-23,49
04-Nov-23,15460,RAHEJA TEXFAB PRIVATE LIMITED,37800,04-Nov-23,49
04-Nov-23,15461,RAHEJA TEXFAB PRIVATE LIMITED,37800,04-Nov-23,49
04-Nov-23,2023-24/73RW,RPMG WEALTH MANAGEMENT PRIVATE LIMITED,18880,04-Nov-23,49
04-Nov-23,9988,SANSKAR TEX PRINTS PRIVATE LIMITED,25704,04-Nov-23,49
04-Nov-23,9989,SANSKAR TEX PRINTS PRIVATE LIMITED,25704,04-Nov-23,49
04-Nov-23,9982,SANSKAR TEX PRINTS PRIVATE LIMITED,44100,04-Nov-23,49
04-Nov-23,1459,SKYLARK SAREES PRIVATE LIMITED,193305,04-Nov-23,49
05-Nov-23,7407,AAINA SILK MILLS LLP,29805,05-Nov-23,48
05-Nov-23,7406,AAINA SILK MILLS LLP,29805,05-Nov-23,48
05-Nov-23,11041,Cash Sale,218500,05-Nov-23,48
05-Nov-23,1162,OM PRAKASH KISHAN CHAND,11288,05-Nov-23,48
05-Nov-23,1163,OM PRAKASH KISHAN CHAND,11288,05-Nov-23,48
05-Nov-23,1894,Pritam Lal Painter,10000,05-Nov-23,48
06-Nov-23,7457,AAINA SILK MILLS LLP,29805,06-Nov-23,47
06-Nov-23,7458,AAINA SILK MILLS LLP,31960,06-Nov-23,47
06-Nov-23,7459,AAINA SILK MILLS LLP,29805,06-Nov-23,47
06-Nov-23,Jan-92,AAVSAR NX,40219,06-Nov-23,47
06-Nov-23,Jan-94,AAVSAR NX,40219,06-Nov-23,47
06-Nov-23,Jan-93,AAVSAR NX,40219,06-Nov-23,47
06-Nov-23,11042,Cash Sale,156500,06-Nov-23,47
06-Nov-23,86338,CHITRAKOOT,13117,06-Nov-23,47
06-Nov-23,1077,KHATUDHISH SAREES,76646,06-Nov-23,47
06-Nov-23,3380,MANISH DESIGNER PRIVATE LIMITED,241684,06-Nov-23,47
06-Nov-23,3383,MANISH DESIGNER PRIVATE LIMITED,40079,06-Nov-23,47
06-Nov-23,3397,MANISH DESIGNER PRIVATE LIMITED,91534,06-Nov-23,47
06-Nov-23,3400,MANISH DESIGNER PRIVATE LIMITED,92201,06-Nov-23,47
06-Nov-23,3387,MANISH DESIGNER PRIVATE LIMITED,60661,06-Nov-23,47
06-Nov-23,3386,MANISH DESIGNER PRIVATE LIMITED,60661,06-Nov-23,47
06-Nov-23,3393,MANISH DESIGNER PRIVATE LIMITED,24476,06-Nov-23,47
06-Nov-23,130/23-24,NANDINI SAREES,22260,06-Nov-23,47
06-Nov-23,929,PREM SAREE SELECTION,99120,06-Nov-23,47
06-Nov-23,3990,Rajguru Exclusives LLP,46883,06-Nov-23,47
06-Nov-23,2977,R G FANCY DRESS,20034,06-Nov-23,47
06-Nov-23,3000,R G FANCY DRESS,18144,06-Nov-23,47
06-Nov-23,10048,SANSKAR TEX PRINTS PRIVATE LIMITED,43969,06-Nov-23,47
06-Nov-23,6416,SHANTI PRINTS,31248,06-Nov-23,47
06-Nov-23,1463/23-24,SHREE GANPATI SILK MILLS,18007,06-Nov-23,47
06-Nov-23,1464/23-24,SHREE GANPATI SILK MILLS,18007,06-Nov-23,47
06-Nov-23,3148,SHUBHAM SAREES,91854,06-Nov-23,47
06-Nov-23,3149,SHUBHAM SAREES,76274,06-Nov-23,47
06-Nov-23,3150,SHUBHAM SAREES,74566,06-Nov-23,47
06-Nov-23,1901,S K GOLDEN TRANSPORT,320,06-Nov-23,47
06-Nov-23,49590,SONAL ENTERPRISES,29333,06-Nov-23,47
06-Nov-23,2585,SUPRIYA FASHION,44369,06-Nov-23,47
06-Nov-23,2586,SUPRIYA FASHION,44050,06-Nov-23,47
06-Nov-23,625,VAIBHAV ENTERPRISES,27435,06-Nov-23,47
06-Nov-23,470,VAIBHAV SAREES,93590,06-Nov-23,47
06-Nov-23,2853,VELVET HOME,44310,06-Nov-23,47
06-Nov-23,481,VISHNUPRIYA FASHION,32928,06-Nov-23,47
06-Nov-23,479,VISHNUPRIYA FASHION,24780,06-Nov-23,47
06-Nov-23,477,VISHNUPRIYA FASHION,34440,06-Nov-23,47
06-Nov-23,478,VISHNUPRIYA FASHION,24780,06-Nov-23,47
06-Nov-23,480,VISHNUPRIYA FASHION,33264,06-Nov-23,47
06-Nov-23,476,VISHNUPRIYA FASHION,26040,06-Nov-23,47
07-Nov-23,1948,BHANU HP SALARY PAYBLE,5520,07-Nov-23,46
07-Nov-23,11043,Cash Sale,231000,07-Nov-23,46
07-Nov-23,1098,KHATUDHISH SAREES,58354,07-Nov-23,46
07-Nov-23,3415,MANISH DESIGNER PRIVATE LIMITED,63835,07-Nov-23,46
07-Nov-23,3413,MANISH DESIGNER PRIVATE LIMITED,93290,07-Nov-23,46
07-Nov-23,3411,MANISH DESIGNER PRIVATE LIMITED,57808,07-Nov-23,46
07-Nov-23,3417,MANISH DESIGNER PRIVATE LIMITED,51068,07-Nov-23,46
07-Nov-23,3408,MANISH DESIGNER PRIVATE LIMITED,71610,07-Nov-23,46
07-Nov-23,3427,MANISH DESIGNER PRIVATE LIMITED,21614,07-Nov-23,46
07-Nov-23,3424,MANISH DESIGNER PRIVATE LIMITED,43045,07-Nov-23,46
07-Nov-23,3423,MANISH DESIGNER PRIVATE LIMITED,48784,07-Nov-23,46
07-Nov-23,3426,MANISH DESIGNER PRIVATE LIMITED,46988,07-Nov-23,46
07-Nov-23,3410,MANISH DESIGNER PRIVATE LIMITED,52553,07-Nov-23,46
07-Nov-23,3409,MANISH DESIGNER PRIVATE LIMITED,32553,07-Nov-23,46
07-Nov-23,1941,MEEVA,86795,07-Nov-23,46
07-Nov-23,5464,MEEVA,100213,07-Nov-23,46
07-Nov-23,1940,MEEVA,102348,07-Nov-23,46
07-Nov-23,5463,MEEVA,94050,07-Nov-23,46
07-Nov-23,1942,MEEVA,91731,07-Nov-23,46
07-Nov-23,15845,PURVANCHAL COLLECTION PVT LTD,42264,07-Nov-23,46
07-Nov-23,3893,RACHIT FASHION PRIVATE LIMITED,90332,07-Nov-23,46
07-Nov-23,4011,RACHIT FASHION PRIVATE LIMITED,74816,07-Nov-23,46
07-Nov-23,10165,SANSKAR TEX PRINTS PRIVATE LIMITED,27468,07-Nov-23,46
07-Nov-23,10166,SANSKAR TEX PRINTS PRIVATE LIMITED,27468,07-Nov-23,46
07-Nov-23,10116,SANSKAR TEX PRINTS PRIVATE LIMITED,32760,07-Nov-23,46
07-Nov-23,497,VISHNUPRIYA FASHION,32844,07-Nov-23,46
07-Nov-23,499,VISHNUPRIYA FASHION,29148,07-Nov-23,46
07-Nov-23,495,VISHNUPRIYA FASHION,27266,07-Nov-23,46
07-Nov-23,498,VISHNUPRIYA FASHION,30156,07-Nov-23,46
07-Nov-23,496,VISHNUPRIYA FASHION,22260,07-Nov-23,46
08-Nov-23,7634,AAINA SILK MILLS LLP,29805,08-Nov-23,45
08-Nov-23,1681,ANAYA DESIGNER,105406,08-Nov-23,45
08-Nov-23,1690,ANAYA DESIGNER,87797,08-Nov-23,45
08-Nov-23,1678,ANAYA DESIGNER,92380,08-Nov-23,45
08-Nov-23,1679,ANAYA DESIGNER,83976,08-Nov-23,45
08-Nov-23,1685,ANAYA DESIGNER,97148,08-Nov-23,45
08-Nov-23,1682,ANAYA DESIGNER,109989,08-Nov-23,45
08-Nov-23,1683,ANAYA DESIGNER,103043,08-Nov-23,45
08-Nov-23,1684,ANAYA DESIGNER,94787,08-Nov-23,45
08-Nov-23,11044,Cash Sale,238000,08-Nov-23,45
08-Nov-23,14773,DEVRANI SAREE,21672,08-Nov-23,45
08-Nov-23,14774,DEVRANI SAREE,21672,08-Nov-23,45
08-Nov-23,5380,HARSH TRADING COMPANY,61661,08-Nov-23,45
08-Nov-23,5381,HARSH TRADING COMPANY,7345,08-Nov-23,45
08-Nov-23,354,PAWAN & SONS,91791,08-Nov-23,45
08-Nov-23,355,PAWAN & SONS,49450,08-Nov-23,45
08-Nov-23,15863,PURVANCHAL COLLECTION PVT LTD,35830,08-Nov-23,45
08-Nov-23,15864,PURVANCHAL COLLECTION PVT LTD,54783,08-Nov-23,45
08-Nov-23,842,RADHE KRISHNA CREATION,66553,08-Nov-23,45
08-Nov-23,3008,SAKSHI VOGUE INDIA PRIVATE LIMITED,62932,08-Nov-23,45
08-Nov-23,1283,SAMYAK DESIGNER,41887,08-Nov-23,45
08-Nov-23,1480/23-24,SHREE GANPATI SILK MILLS,18007,08-Nov-23,45
08-Nov-23,1481/23-24,SHREE GANPATI SILK MILLS,18007,08-Nov-23,45
08-Nov-23,3232,SHREE JAYANAND TEXTILES PRIVATE LIMITED,19363,08-Nov-23,45
08-Nov-23,3244,SHREE JAYANAND TEXTILES PRIVATE LIMITED,17680,08-Nov-23,45
08-Nov-23,3247,SHREE JAYANAND TEXTILES PRIVATE LIMITED,19363,08-Nov-23,45
08-Nov-23,196,SHREE NEEL KANTH CREATION,67872,08-Nov-23,45
08-Nov-23,197,SHREE NEEL KANTH CREATION,43232,08-Nov-23,45
08-Nov-23,1982,Shri Ganesh Roadlines,200,08-Nov-23,45
08-Nov-23,500,VISHNUPRIYA FASHION,35343,08-Nov-23,45
09-Nov-23,1972,ARYAVART TRANSPORT,1110,09-Nov-23,44
09-Nov-23,138,FAMAYRAA FASHION,71451,09-Nov-23,44
09-Nov-23,135,FAMAYRAA FASHION,21818,09-Nov-23,44
09-Nov-23,138/23-24,NANDINI SAREES,21672,09-Nov-23,44
09-Nov-23,140/23-24,NANDINI SAREES,18564,09-Nov-23,44
09-Nov-23,137/2023-24,NANDINI SAREES,21588,09-Nov-23,44
09-Nov-23,143/2023-24,NANDINI SAREES,21672,09-Nov-23,44
09-Nov-23,1165,OM PRAKASH KISHAN CHAND,20213,09-Nov-23,44
09-Nov-23,339,Pragti Fashion,37580,09-Nov-23,44
09-Nov-23,338,Pragti Fashion,54679,09-Nov-23,44
09-Nov-23,337,Pragti Fashion,63393,09-Nov-23,44
09-Nov-23,3243,SHREE JAYANAND TEXTILES PRIVATE LIMITED,18522,09-Nov-23,44
09-Nov-23,1288,SHREE RAM FABRICS,26544,09-Nov-23,44
09-Nov-23,1287,SHREE RAM FABRICS,28291,09-Nov-23,44
09-Nov-23,1503,SKYLARK SAREES PRIVATE LIMITED,134033,09-Nov-23,44
09-Nov-23,49613,SONAL ENTERPRISES,22579,09-Nov-23,44
09-Nov-23,502,VISHNUPRIYA FASHION,54587,09-Nov-23,44
09-Nov-23,503,VISHNUPRIYA FASHION,53335,09-Nov-23,44
10-Nov-23,11045,Cash Sale,64500,10-Nov-23,43
10-Nov-23,1457,GANPATI TEXTILES,16840,10-Nov-23,43
10-Nov-23,293,JAI MAA BHAVANI CREATION,22264,10-Nov-23,43
10-Nov-23,294,JAI MAA BHAVANI CREATION,22264,10-Nov-23,43
10-Nov-23,292,JAI MAA BHAVANI CREATION,23377,10-Nov-23,43
10-Nov-23,291,JAI MAA BHAVANI CREATION,23377,10-Nov-23,43
10-Nov-23,1146,KHATUDHISH SAREES,78014,10-Nov-23,43
10-Nov-23,1145,KHATUDHISH SAREES,69846,10-Nov-23,43
10-Nov-23,126,LAXMI FURNISHERS,10700,10-Nov-23,43
10-Nov-23,147/23-24,NANDINI SAREES,18564,10-Nov-23,43
10-Nov-23,149/23-24,NANDINI SAREES,20076,10-Nov-23,43
10-Nov-23,970,PREM SAREE SELECTION,9408,10-Nov-23,43
10-Nov-23,857,RADHE KRISHNA CREATION,57920,10-Nov-23,43
11-Nov-23,11046,Cash Sale,184000,11-Nov-23,42
11-Nov-23,1984,D.R.T.C Transport,2650,11-Nov-23,42
11-Nov-23,3783,HIMANSHU TEXTILES,18851,11-Nov-23,42
11-Nov-23,1166,OM PRAKASH KISHAN CHAND,11288,11-Nov-23,42
11-Nov-23,F/61,RACHIT FASHION PRIVATE LIMITED,2037,11-Nov-23,42
12-Nov-23,11047,Cash Sale,46500,12-Nov-23,41
13-Nov-23,11048,Cash Sale,428000,13-Nov-23,40
13-Nov-23,5868,HARE KRISHNA FABRICS,150525,13-Nov-23,40
13-Nov-23,3470,MANISH DESIGNER PRIVATE LIMITED,3521,13-Nov-23,40
14-Nov-23,11049,Cash Sale,481500,14-Nov-23,39
14-Nov-23,1167,OM PRAKASH KISHAN CHAND,7613,14-Nov-23,39
15-Nov-23,11050,Cash Sale,287500,15-Nov-23,38
15-Nov-23,1168,OM PRAKASH KISHAN CHAND,20213,15-Nov-23,38
15-Nov-23,992,PREM SAREE SELECTION,109872,15-Nov-23,38
16-Nov-23,11051,Cash Sale,395500,16-Nov-23,37
16-Nov-23,86764,CHITRAKOOT,13073,16-Nov-23,37
16-Nov-23,86763,CHITRAKOOT,13073,16-Nov-23,37
16-Nov-23,11000,D.R.T.C Transport,300,16-Nov-23,37
16-Nov-23,3471,MANISH DESIGNER PRIVATE LIMITED,60577,16-Nov-23,37
16-Nov-23,3472,MANISH DESIGNER PRIVATE LIMITED,111248,16-Nov-23,37
16-Nov-23,1169,OM PRAKASH KISHAN CHAND,20391,16-Nov-23,37
16-Nov-23,72,STAR PRINT 'N' PACK,52484,16-Nov-23,37
16-Nov-23,632,VAIBHAV SAREES,27435,16-Nov-23,37
17-Nov-23,11052,Cash Sale,343500,17-Nov-23,36
17-Nov-23,87019,CHITRAKOOT,13902,17-Nov-23,36
17-Nov-23,86973,CHITRAKOOT,19782,17-Nov-23,36
17-Nov-23,86993,CHITRAKOOT,27518,17-Nov-23,36
17-Nov-23,3837,HIMANSHU TEXTILES,50350,17-Nov-23,36
17-Nov-23,166,JAI LATKANS,8663,17-Nov-23,36
17-Nov-23,232,OCEAN INTERNATIONAL,136994,17-Nov-23,36
17-Nov-23,1170,OM PRAKASH KISHAN CHAND,6563,17-Nov-23,36
17-Nov-23,1171,OM PRAKASH KISHAN CHAND,9030,17-Nov-23,36
17-Nov-23,2444,PARAG SAREES (DL),306482,17-Nov-23,36
17-Nov-23,475,VAIBHAV SAREES,65100,17-Nov-23,36
18-Nov-23,11053,Cash Sale,415500,18-Nov-23,35
18-Nov-23,87329,CHITRAKOOT,21042,18-Nov-23,35
18-Nov-23,87232,CHITRAKOOT,23688,18-Nov-23,35
18-Nov-23,3864,HIMANSHU TEXTILES,24242,18-Nov-23,35
18-Nov-23,147,M. M FASHION,96485,18-Nov-23,35
18-Nov-23,1034,NANKI TEXTILES,40530,18-Nov-23,35
18-Nov-23,1236,SHRI KRISHNA TEXTILES,16275,18-Nov-23,35
18-Nov-23,3431,SHUBHAM SAREES,47741,18-Nov-23,35
18-Nov-23,3432,SHUBHAM SAREES,9911,18-Nov-23,35
18-Nov-23,49647,SONAL ENTERPRISES,15845,18-Nov-23,35
18-Nov-23,11008,Vijay (Vipul) Salary Payble,2000,18-Nov-23,35
19-Nov-23,11054,Cash Sale,417500,19-Nov-23,34
19-Nov-23,1172,OM PRAKASH KISHAN CHAND,11288,19-Nov-23,34
19-Nov-23,1173,OM PRAKASH KISHAN CHAND,6563,19-Nov-23,34
20-Nov-23,11055,Cash Sale,75290,20-Nov-23,33
20-Nov-23,87573,CHITRAKOOT,19051,20-Nov-23,33
20-Nov-23,2814,MAHENDER SINGH RAVINDER KUMAR,31500,20-Nov-23,33
20-Nov-23,1011,PREM SAREE SELECTION,41216,20-Nov-23,33
20-Nov-23,15977,PURVANCHAL COLLECTION PVT LTD,52261,20-Nov-23,33
20-Nov-23,15976,PURVANCHAL COLLECTION PVT LTD,66027,20-Nov-23,33
20-Nov-23,15970,PURVANCHAL COLLECTION PVT LTD,42927,20-Nov-23,33
20-Nov-23,15975,PURVANCHAL COLLECTION PVT LTD,58159,20-Nov-23,33
20-Nov-23,1990,RADHA FAB,47772,20-Nov-23,33
20-Nov-23,6207,RAJ-GURU CREATIONS PRIVATE LTD.,20225,20-Nov-23,33
20-Nov-23,6205,RAJ-GURU CREATIONS PRIVATE LTD.,14799,20-Nov-23,33
20-Nov-23,10283,SANSKAR TEX PRINTS PRIVATE LIMITED,42336,20-Nov-23,33
20-Nov-23,10282,SANSKAR TEX PRINTS PRIVATE LIMITED,42336,20-Nov-23,33
20-Nov-23,49652,SONAL ENTERPRISES,31689,20-Nov-23,33
20-Nov-23,2756,SUPRIYA FASHION,66613,20-Nov-23,33
21-Nov-23,11056,Cash Sale,387500,21-Nov-23,32
21-Nov-23,87841,CHITRAKOOT,15893,21-Nov-23,32
21-Nov-23,87774,CHITRAKOOT,27518,21-Nov-23,32
21-Nov-23,87731,CHITRAKOOT,20958,21-Nov-23,32
21-Nov-23,87792,CHITRAKOOT,21504,21-Nov-23,32
21-Nov-23,1175,OM PRAKASH KISHAN CHAND,6983,21-Nov-23,32
21-Nov-23,1174,OM PRAKASH KISHAN CHAND,18900,21-Nov-23,32
21-Nov-23,10303,SANSKAR TEX PRINTS PRIVATE LIMITED,59220,21-Nov-23,32
21-Nov-23,10332,SANSKAR TEX PRINTS PRIVATE LIMITED,40971,21-Nov-23,32
21-Nov-23,10333,SANSKAR TEX PRINTS PRIVATE LIMITED,39648,21-Nov-23,32
21-Nov-23,6686,SHANTI PRINTS,32256,21-Nov-23,32
21-Nov-23,1696,SHRI HARIHAR DESIGNERS,44977,21-Nov-23,32
21-Nov-23,1697,SHRI HARIHAR DESIGNERS,41228,21-Nov-23,32
21-Nov-23,1695,SHRI HARIHAR DESIGNERS,49623,21-Nov-23,32
21-Nov-23,1698,SHRI HARIHAR DESIGNERS,26544,21-Nov-23,32
21-Nov-23,3468,SHUBHAM SAREES,47741,21-Nov-23,32
21-Nov-23,3469,SHUBHAM SAREES,9911,21-Nov-23,32
21-Nov-23,1593,SKYLARK SAREES PRIVATE LIMITED,32524,21-Nov-23,32
21-Nov-23,15630,VARSHNEY ALOK SUIT PVT. LTD.,30324,21-Nov-23,32
22-Nov-23,657,ADEEVA TRENDZ,50394,22-Nov-23,31
22-Nov-23,11057,Cash Sale,142000,22-Nov-23,31
22-Nov-23,7878,J K PLASTIC,43660,22-Nov-23,31
22-Nov-23,1176,OM PRAKASH KISHAN CHAND,17850,22-Nov-23,31
22-Nov-23,1238,PAWAN TEXTILES,8224,22-Nov-23,31
22-Nov-23,4053,RACHIT FASHION PRIVATE LIMITED,71929,22-Nov-23,31
22-Nov-23,1416,SAMYAK DESIGNER,56544,22-Nov-23,31
22-Nov-23,10368,SANSKAR TEX PRINTS PRIVATE LIMITED,29232,22-Nov-23,31
22-Nov-23,10365,SANSKAR TEX PRINTS PRIVATE LIMITED,27468,22-Nov-23,31
22-Nov-23,3286,SHREE JAYANAND TEXTILES PRIVATE LIMITED,24255,22-Nov-23,31
22-Nov-23,3288,SHREE JAYANAND TEXTILES PRIVATE LIMITED,24255,22-Nov-23,31
22-Nov-23,3285,SHREE JAYANAND TEXTILES PRIVATE LIMITED,24255,22-Nov-23,31
22-Nov-23,635,VAIBHAV ENTERPRISES,27258,22-Nov-23,31
23-Nov-23,11100,Cash Sale,115500,23-Nov-23,30
23-Nov-23,1933,GINNI NEXT,95823,23-Nov-23,30
23-Nov-23,1934,GINNI NEXT,106848,23-Nov-23,30
23-Nov-23,6217,HARE KRISHNA FABRICS,25975,23-Nov-23,30
23-Nov-23,5586,K G CREATION NX,32536,23-Nov-23,30
23-Nov-23,863,MARUDHAR KESHRI CREATION,63700,23-Nov-23,30
23-Nov-23,1178,OM PRAKASH KISHAN CHAND,13545,23-Nov-23,30
23-Nov-23,1177,OM PRAKASH KISHAN CHAND,11288,23-Nov-23,30
23-Nov-23,23011,ROOP NIKHAR FASHION PRIVATE LIMITED,35438,23-Nov-23,30
23-Nov-23,10392,SANSKAR TEX PRINTS PRIVATE LIMITED,24570,23-Nov-23,30
23-Nov-23,10396,SANSKAR TEX PRINTS PRIVATE LIMITED,40971,23-Nov-23,30
23-Nov-23,10429,SANSKAR TEX PRINTS PRIVATE LIMITED,37044,23-Nov-23,30
23-Nov-23,3504,SHUBHAM SAREES,53825,23-Nov-23,30
23-Nov-23,3505,SHUBHAM SAREES,92103,23-Nov-23,30
23-Nov-23,15718,VARSHNEY ALOK SUIT PVT. LTD.,22743,23-Nov-23,30
24-Nov-23,8014,AAINA SILK MILLS LLP,29805,24-Nov-23,29
24-Nov-23,8016,AAINA SILK MILLS LLP,23461,24-Nov-23,29
24-Nov-23,8017,AAINA SILK MILLS LLP,33396,24-Nov-23,29
24-Nov-23,8013,AAINA SILK MILLS LLP,30524,24-Nov-23,29
24-Nov-23,8015,AAINA SILK MILLS LLP,23461,24-Nov-23,29
24-Nov-23,664,ADEEVA TRENDZ,34556,24-Nov-23,29
24-Nov-23,1725,ANAYA DESIGNER,87230,24-Nov-23,29
24-Nov-23,1726,ANAYA DESIGNER,82457,24-Nov-23,29
24-Nov-23,11101,Cash Sale,277000,24-Nov-23,29
24-Nov-23,88606,CHITRAKOOT,18967,24-Nov-23,29
24-Nov-23,5523,HARSH TRADING COMPANY,15855,24-Nov-23,29
24-Nov-23,4028,HIMANSHU TEXTILES,26107,24-Nov-23,29
24-Nov-23,2207,KAIA,92512,24-Nov-23,29
24-Nov-23,2204,KAIA,67200,24-Nov-23,29
24-Nov-23,2208,KAIA,59360,24-Nov-23,29
24-Nov-23,2206,KAIA,79296,24-Nov-23,29
24-Nov-23,2205,KAIA,85568,24-Nov-23,29
24-Nov-23,5587,K G CREATION NX,43435,24-Nov-23,29
24-Nov-23,1162,KHATUDHISH SAREES,72524,24-Nov-23,29
24-Nov-23,1161,KHATUDHISH SAREES,70232,24-Nov-23,29
24-Nov-23,1180,OM PRAKASH KISHAN CHAND,6563,24-Nov-23,29
24-Nov-23,4072,RACHIT FASHION PRIVATE LIMITED,67062,24-Nov-23,29
24-Nov-23,10452,SANSKAR TEX PRINTS PRIVATE LIMITED,38304,24-Nov-23,29
24-Nov-23,75,STAR PRINT 'N' PACK,31060,24-Nov-23,29
24-Nov-23,3165,SWAASTIK TRADING COMPANY,44588,24-Nov-23,29
24-Nov-23,3167,SWAASTIK TRADING COMPANY,44169,24-Nov-23,29
24-Nov-23,3168,SWAASTIK TRADING COMPANY,44947,24-Nov-23,29
24-Nov-23,636,VAIBHAV ENTERPRISES,27383,24-Nov-23,29
24-Nov-23,479,VAIBHAV SAREES,36960,24-Nov-23,29
24-Nov-23,480,VAIBHAV SAREES,71120,24-Nov-23,29
25-Nov-23,8035,AAINA SILK MILLS LLP,30284,25-Nov-23,28
25-Nov-23,11102,Cash Sale,255000,25-Nov-23,28
25-Nov-23,1137,NITTU DESIGN,56784,25-Nov-23,28
25-Nov-23,1181,OM PRAKASH KISHAN CHAND,7613,25-Nov-23,28
25-Nov-23,10508,SANSKAR TEX PRINTS PRIVATE LIMITED,26885,25-Nov-23,28
25-Nov-23,10507,SANSKAR TEX PRINTS PRIVATE LIMITED,31248,25-Nov-23,28
25-Nov-23,10471,SANSKAR TEX PRINTS PRIVATE LIMITED,25536,25-Nov-23,28
25-Nov-23,10015,SANSKAR TEX PRINTS PRIVATE LIMITED,64722,25-Nov-23,28
25-Nov-23,1627,SKYLARK SAREES PRIVATE LIMITED,181414,25-Nov-23,28
25-Nov-23,14070,VALLABHI PRINTS (SAKAMBARI SILK MILLS PVT LTD),49153,25-Nov-23,28
26-Nov-23,11103,Cash Sale,273500,26-Nov-23,27
26-Nov-23,5676,Crystal by Tarun Designer Private Limited,102922,26-Nov-23,27
26-Nov-23,1182,OM PRAKASH KISHAN CHAND,11288,26-Nov-23,27
26-Nov-23,2083,SONU EMBROIDERY SUIT,403355,26-Nov-23,27
27-Nov-23,11104,Cash Sale,178500,27-Nov-23,26
27-Nov-23,1607,GIGI FASHION DESIGNER,165318,27-Nov-23,26
27-Nov-23,285,K3 PRINTS,169454,27-Nov-23,26
27-Nov-23,1184,OM PRAKASH KISHAN CHAND,8925,27-Nov-23,26
27-Nov-23,1183,OM PRAKASH KISHAN CHAND,10710,27-Nov-23,26
27-Nov-23,4115,RACHIT FASHION PRIVATE LIMITED,85074,27-Nov-23,26
27-Nov-23,4114,RACHIT FASHION PRIVATE LIMITED,83897,27-Nov-23,26
27-Nov-23,1471,SAMYAK DESIGNER,48880,27-Nov-23,26
27-Nov-23,1844,SHRI AMBICA FASHION,81963,27-Nov-23,26
27-Nov-23,1843,SHRI AMBICA FASHION,81963,27-Nov-23,26
27-Nov-23,1845,SHRI AMBICA FASHION,81963,27-Nov-23,26
27-Nov-23,1842,SHRI AMBICA FASHION,81963,27-Nov-23,26
28-Nov-23,11105,Cash Sale,202500,28-Nov-23,25
28-Nov-23,4035,K PUSHPRAJ & CO.,44987,28-Nov-23,25
28-Nov-23,4034,K PUSHPRAJ & CO.,44987,28-Nov-23,25
28-Nov-23,4036,K PUSHPRAJ & CO.,44514,28-Nov-23,25
28-Nov-23,4033,K PUSHPRAJ & CO.,44987,28-Nov-23,25
28-Nov-23,4032,K PUSHPRAJ & CO.,44987,28-Nov-23,25
28-Nov-23,2054,MEEVA,105584,28-Nov-23,25
28-Nov-23,1185,OM PRAKASH KISHAN CHAND,11288,28-Nov-23,25
28-Nov-23,1631,OM SAI CREATION,52500,28-Nov-23,25
28-Nov-23,1630,OM SAI CREATION,63000,28-Nov-23,25
28-Nov-23,1629,OM SAI CREATION,72765,28-Nov-23,25
28-Nov-23,684,Pappu Silk Mills,16817,28-Nov-23,25
28-Nov-23,692,Pappu Silk Mills,17225,28-Nov-23,25
28-Nov-23,23678,ROOP NIKHAR FASHION PRIVATE LIMITED,96768,28-Nov-23,25
28-Nov-23,3579,SHUBHAM SAREES,7128,28-Nov-23,25
28-Nov-23,3578,SHUBHAM SAREES,57345,28-Nov-23,25
28-Nov-23,3586,SHUBHAM SAREES,14047,28-Nov-23,25
28-Nov-23,3589,SHUBHAM SAREES,50368,28-Nov-23,25
28-Nov-23,638,VAIBHAV ENTERPRISES,90891,28-Nov-23,25
29-Nov-23,11106,Cash Sale,134500,29-Nov-23,24
29-Nov-23,90190,CHITRAKOOT,17212,29-Nov-23,24
29-Nov-23,90235,CHITRAKOOT,18919,29-Nov-23,24
29-Nov-23,90234,CHITRAKOOT,18919,29-Nov-23,24
29-Nov-23,5783,Crystal by Tarun Designer Private Limited,196795,29-Nov-23,24
29-Nov-23,259,Dev Power Solution,23629,29-Nov-23,24
29-Nov-23,5575,HARSH TRADING COMPANY,33716,29-Nov-23,24
29-Nov-23,5574,HARSH TRADING COMPANY,33658,29-Nov-23,24
29-Nov-23,873,JYOTI TEXTILES 2022-23,13710,29-Nov-23,24
29-Nov-23,964,JYOTI TEXTILES 2022-23,10430,29-Nov-23,24
29-Nov-23,1001,JYOTI TEXTILES 2022-23,7880,29-Nov-23,24
29-Nov-23,417,LALIT PRINTERS,26250,29-Nov-23,24
29-Nov-23,416,LALIT PRINTERS,26250,29-Nov-23,24
29-Nov-23,418,LALIT PRINTERS,75225,29-Nov-23,24
29-Nov-23,845,LIGHT POWER CONTROL,24001,29-Nov-23,24
29-Nov-23,804,LIGHT POWER CONTROL,169395,29-Nov-23,24
29-Nov-23,10565,SANSKAR TEX PRINTS PRIVATE LIMITED,26208,29-Nov-23,24
29-Nov-23,3736,SETIA ELECTRICALS & ELECTRONICS,280,29-Nov-23,24
29-Nov-23,3734,SETIA ELECTRICALS & ELECTRONICS,1832,29-Nov-23,24
29-Nov-23,182,SETIA ELECTRICALS & ELECTRONICS,220,29-Nov-23,24
29-Nov-23,1429,SHREE GANPATI COMPUTERS,2600,29-Nov-23,24
29-Nov-23,1459,SHREE GANPATI COMPUTERS,354,29-Nov-23,24
30-Nov-23,1757,ANAYA DESIGNER,60686,30-Nov-23,23
30-Nov-23,90669,CHITRAKOOT,34038,30-Nov-23,23
30-Nov-23,90452,CHITRAKOOT,12023,30-Nov-23,23
30-Nov-23,90575,CHITRAKOOT,15687,30-Nov-23,23
30-Nov-23,1172,KHATUDHISH SAREES,74797,30-Nov-23,23
30-Nov-23,1189,OM PRAKASH KISHAN CHAND,17850,30-Nov-23,23
30-Nov-23,1190,OM PRAKASH KISHAN CHAND,4064,30-Nov-23,23
30-Nov-23,4238,RACHIT FASHION PRIVATE LIMITED,80142,30-Nov-23,23
30-Nov-23,3264,SWAASTIK TRADING COMPANY,70334,30-Nov-23,23
30-Nov-23,3263,SWAASTIK TRADING COMPANY,37586,30-Nov-23,23
30-Nov-23,507,VISHNUPRIYA FASHION,57435,30-Nov-23,23
30-Nov-23,506,VISHNUPRIYA FASHION,53057,30-Nov-23,23
01-Dec-23,90972,CHITRAKOOT,23688,01-Dec-23,22
01-Dec-23,91033,CHITRAKOOT,10395,01-Dec-23,22
01-Dec-23,90993,CHITRAKOOT,17539,01-Dec-23,22
01-Dec-23,90934,CHITRAKOOT,18967,01-Dec-23,22
01-Dec-23,91006,CHITRAKOOT,11510,01-Dec-23,22
01-Dec-23,5597,HARSH TRADING COMPANY,67226,01-Dec-23,22
01-Dec-23,4132,HIMANSHU TEXTILES,90494,01-Dec-23,22
01-Dec-23,9377,MAHOTSAV CREATION PVT LTD,354550,01-Dec-23,22
01-Dec-23,4188,NAYANDEEP IMPEX,44184,01-Dec-23,22
01-Dec-23,4186,NAYANDEEP IMPEX,44923,01-Dec-23,22
01-Dec-23,684,PARAS FASHION,96033,01-Dec-23,22
01-Dec-23,16051,PURVANCHAL COLLECTION PVT LTD,44662,01-Dec-23,22
01-Dec-23,16050,PURVANCHAL COLLECTION PVT LTD,58946,01-Dec-23,22
01-Dec-23,16052,PURVANCHAL COLLECTION PVT LTD,68732,01-Dec-23,22
01-Dec-23,16049,PURVANCHAL COLLECTION PVT LTD,64441,01-Dec-23,22
01-Dec-23,6934,RAJ-GURU CREATIONS PRIVATE LTD.,30694,01-Dec-23,22
01-Dec-23,24006,ROOP NIKHAR FASHION PRIVATE LIMITED,117626,01-Dec-23,22
01-Dec-23,24002,ROOP NIKHAR FASHION PRIVATE LIMITED,95960,01-Dec-23,22
01-Dec-23,10635,SANSKAR TEX PRINTS PRIVATE LIMITED,24948,01-Dec-23,22
01-Dec-23,114,Sunshine Fashion Hub,77795,01-Dec-23,22
01-Dec-23,113,Sunshine Fashion Hub,52920,01-Dec-23,22
01-Dec-23,3276,SWAASTIK TRADING COMPANY,29476,01-Dec-23,22
01-Dec-23,485,VAIBHAV SAREES,69440,01-Dec-23,22
01-Dec-23,14215,VALLABHI PRINTS (SAKAMBARI SILK MILLS PVT LTD),47130,01-Dec-23,22
01-Dec-23,16594,VARSHNEY ALOK SUIT PVT. LTD.,31856,01-Dec-23,22
02-Dec-23,1100,JYOTI TEXTILES 2022-23,4510,02-Dec-23,21
02-Dec-23,1184,KHATUDHISH SAREES,35611,02-Dec-23,21
02-Dec-23,9398,MAHOTSAV CREATION PVT LTD,59740,02-Dec-23,21
02-Dec-23,9413,MAHOTSAV CREATION PVT LTD,142514,02-Dec-23,21
02-Dec-23,1192,OM PRAKASH KISHAN CHAND,9450,02-Dec-23,21
02-Dec-23,1535,SAMYAK DESIGNER,59941,02-Dec-23,21
02-Dec-23,10657,SANSKAR TEX PRINTS PRIVATE LIMITED,37910,02-Dec-23,21
02-Dec-23,509,VISHNUPRIYA FASHION,20034,02-Dec-23,21
02-Dec-23,510,VISHNUPRIYA FASHION,20034,02-Dec-23,21
03-Dec-23,1193,OM PRAKASH KISHAN CHAND,17850,03-Dec-23,20
04-Dec-23,1194,OM PRAKASH KISHAN CHAND,17850,04-Dec-23,19
04-Dec-23,4333,RACHIT FASHION PRIVATE LIMITED,47823,04-Dec-23,19
04-Dec-23,2230,RADHA FAB,23880,04-Dec-23,19
04-Dec-23,10774,SHILPA ENTERPRISES,24152,04-Dec-23,19
04-Dec-23,115,Sunshine Fashion Hub,77795,04-Dec-23,19
04-Dec-23,244,TARA ENTERPRISES,65496,04-Dec-23,19
04-Dec-23,3383,VELVET HOME,27720,04-Dec-23,19
05-Dec-23,4332,B' FINE,76356,05-Dec-23,18
05-Dec-23,1872,CHHOTU RAM RAJENDER PARSAD,106832,05-Dec-23,18
05-Dec-23,92386,CHITRAKOOT,19299,05-Dec-23,18
05-Dec-23,168,JAI LATKANS,18167,05-Dec-23,18
05-Dec-23,1124,NANKI TEXTILES,27300,05-Dec-23,18
05-Dec-23,1679,OM SAI CREATION,67200,05-Dec-23,18
05-Dec-23,1266,RK GOLD,55584,05-Dec-23,18
05-Dec-23,10767,SANSKAR TEX PRINTS PRIVATE LIMITED,66775,05-Dec-23,18
06-Dec-23,92930,CHITRAKOOT,14427,06-Dec-23,17
06-Dec-23,1646,GANPATI TEXTILES,26944,06-Dec-23,17
06-Dec-23,1195,OM PRAKASH KISHAN CHAND,7613,06-Dec-23,17
06-Dec-23,1196,OM PRAKASH KISHAN CHAND,8925,06-Dec-23,17
06-Dec-23,4419,RACHIT FASHION PRIVATE LIMITED,53386,06-Dec-23,17
06-Dec-23,512,VISHNUPRIYA FASHION,24780,06-Dec-23,17
06-Dec-23,511,VISHNUPRIYA FASHION,24780,06-Dec-23,17
07-Dec-23,1211,KHATUDHISH SAREES,100071,07-Dec-23,16
07-Dec-23,1197,OM PRAKASH KISHAN CHAND,11287.5,07-Dec-23,16
07-Dec-23,1198,OM PRAKASH KISHAN CHAND,6563,07-Dec-23,16
07-Dec-23,3667,SHUBHAM SAREES,162897,07-Dec-23,16
07-Dec-23,3664/2023-24,SHUBHAM SAREES,2910,07-Dec-23,16
07-Dec-23,11200,SKYKING,820,07-Dec-23,16
08-Dec-23,93696,CHITRAKOOT,12162,08-Dec-23,15
08-Dec-23,4247,K PUSHPRAJ & CO.,46881,08-Dec-23,15
08-Dec-23,1199,OM PRAKASH KISHAN CHAND,15803,08-Dec-23,15
08-Dec-23,486,VAIBHAV SAREES,52080,08-Dec-23,15
08-Dec-23,517,VISHNUPRIYA FASHION,47704,08-Dec-23,15
08-Dec-23,516,VISHNUPRIYA FASHION,47704,08-Dec-23,15
09-Dec-23,94025,CHITRAKOOT,10479,09-Dec-23,14
09-Dec-23,4256,HIMANSHU TEXTILES,48485,09-Dec-23,14
09-Dec-23,1200,OM PRAKASH KISHAN CHAND,6983,09-Dec-23,14
09-Dec-23,1201,OM PRAKASH KISHAN CHAND,10610,09-Dec-23,14
09-Dec-23,16097,PURVANCHAL COLLECTION PVT LTD,46424,09-Dec-23,14
09-Dec-23,16098,PURVANCHAL COLLECTION PVT LTD,41875,09-Dec-23,14
09-Dec-23,16099,PURVANCHAL COLLECTION PVT LTD,40668,09-Dec-23,14
09-Dec-23,49728,SONAL ENTERPRISES,21126,09-Dec-23,14
09-Dec-23,11175,Vijay (Vipul) Salary Payble,3000,09-Dec-23,14
10-Dec-23,1202,OM PRAKASH KISHAN CHAND,13388,10-Dec-23,13
11-Dec-23,11212,ARBAJ KHAN SALARY PAYBLE,7940,11-Dec-23,12
11-Dec-23,11206,DHARMENDER SALARY PAYBLE,200,11-Dec-23,12
11-Dec-23,1692,GANPATI TEXTILES,28815,11-Dec-23,12
11-Dec-23,4287,HIMANSHU TEXTILES,52214,11-Dec-23,12
11-Dec-23,1203,OM PRAKASH KISHAN CHAND,6563,11-Dec-23,12
11-Dec-23,11215,POOJA STAFF SALARY PAYBLE,15440,11-Dec-23,12
11-Dec-23,2726,RITU FAB LLP,96359,11-Dec-23,12
11-Dec-23,24716,ROOP NIKHAR FASHION PRIVATE LIMITED,3142,11-Dec-23,12
11-Dec-23,10890,SANSKAR TEX PRINTS PRIVATE LIMITED,27468,11-Dec-23,12
11-Dec-23,10898,SANSKAR TEX PRINTS PRIVATE LIMITED,32004,11-Dec-23,12
11-Dec-23,647,VAIBHAV ENTERPRISES,53454,11-Dec-23,12
12-Dec-23,95251,CHITRAKOOT,23159,12-Dec-23,11
12-Dec-23,95167,CHITRAKOOT,24809,12-Dec-23,11
12-Dec-23,94957,CHITRAKOOT,23688,12-Dec-23,11
12-Dec-23,95187,CHITRAKOOT,31534,12-Dec-23,11
12-Dec-23,11222,D.R.T.C Transport,1750,12-Dec-23,11
12-Dec-23,1234,KHATUDHISH SAREES,68962,12-Dec-23,11
12-Dec-23,1204,OM PRAKASH KISHAN CHAND,6563,12-Dec-23,11
12-Dec-23,4528,RACHIT FASHION PRIVATE LIMITED,80248,12-Dec-23,11
13-Dec-23,9887,MAHOTSAV CREATION PVT LTD,22804,13-Dec-23,10
13-Dec-23,9884,MAHOTSAV CREATION PVT LTD,87275,13-Dec-23,10
13-Dec-23,9904,MAHOTSAV CREATION PVT LTD,9350,13-Dec-23,10
13-Dec-23,266,MAHOTSAV CREATION PVT LTD,56963,13-Dec-23,10
13-Dec-23,1205,OM PRAKASH KISHAN CHAND,11288,13-Dec-23,10
14-Dec-23,6535,Crystal by Tarun Designer Private Limited,15669,14-Dec-23,9
14-Dec-23,6553,Crystal by Tarun Designer Private Limited,10298,14-Dec-23,9
14-Dec-23,1245,KHATUDHISH SAREES,68322,14-Dec-23,9
14-Dec-23,2199,MEEVA,61051,14-Dec-23,9
14-Dec-23,1206,OM PRAKASH KISHAN CHAND,11288,14-Dec-23,9
14-Dec-23,3732,SHUBHAM SAREES,65536,14-Dec-23,9
15-Dec-23,11217,KHUSHDIL TRANSPORT,400,15-Dec-23,8
15-Dec-23,1207,OM PRAKASH KISHAN CHAND,13997,15-Dec-23,8
15-Dec-23,3537,SWAASTIK TRADING COMPANY,52982,15-Dec-23,8
15-Dec-23,488,VAIBHAV SAREES,82880,15-Dec-23,8
16-Dec-23,1214,NANKI TEXTILES,69804,16-Dec-23,7
16-Dec-23,1209,OM PRAKASH KISHAN CHAND,11781,16-Dec-23,7
17-Dec-23,1210,OM PRAKASH KISHAN CHAND,9188,17-Dec-23,6
18-Dec-23,11245,D.R.T.C Transport,900,18-Dec-23,5
18-Dec-23,4388,HIMANSHU TEXTILES,27800,18-Dec-23,5
18-Dec-23,6046,KALA SAGAR,44835,18-Dec-23,5
18-Dec-23,1211,OM PRAKASH KISHAN CHAND,13556,18-Dec-23,5
19-Dec-23,1212,OM PRAKASH KISHAN CHAND,7613,19-Dec-23,4
21-Dec-23,11282,ARBAJ KHAN SALARY PAYBLE,10000,21-Dec-23,2
21-Dec-23,11270,DHARMENDER SALARY PAYBLE,4000,21-Dec-23,2
23-Dec-23,11255,Rohit Editor Salary Payble,500,23-Dec-23,0
,,,49223928.8,,
